englishname,chinesename,distillery,bottler,vintage,statedage,strength,size,casktype,casknumber,numberofbottles,rating,fbprice,euprice,chinaprice,notes,fbpricedate,eupricedate,chinapricedate,dateupdated
Aberfeldy 1983 Exceptional Cask Series,艾柏迪 1983 33年,Aberfeldy,官方,1983,33,0.524,700,Marsala桶,,588,90.75,,,"9,500.00",中國限定,,,2019/3/19,2019/3/20
Aberfeldy 21-year-old,艾柏迪 21年,Aberfeldy,官方,,21,0.4,700,波本,,,84.68,2100,85,,,2018/10/23,2018/11/5,,2019/3/8
Ardbeg 10 Year Old Warehouse Edition,阿貝 10年 鐵盒,Ardbeg,官方,,10,0.46,700,,,,,1450,35,,FB私價,2019/3/28,2019/2/4,,2019/3/7
Ardbeg 1972 #2781,阿貝 1972 #2781,Ardbeg,官方,1972,31,0.492,700,"波本 , 豬頭",2781,216,94.25,,"2,105.00",,,,,,2019/2/25
Ardbeg 1972 #3038,阿貝 1972 #3038,Ardbeg,官方,1972,31,0.442,700,"波本 , 豬頭",3038,148,92.43,,"2,600.00",,,,2019/3/4,,2019/2/25
Ardbeg 1973 DL Old Malt Cask - 60th Anniversary,阿貝 1973 60週年,Ardbeg,Douglas Laing,1973,36,0.435,700,豬頭,,94,92.52,,"1,500.00",,,,2019/1/7,,2019/2/25
Ardbeg 1973 GM Connoisseurs Choice,阿貝 1973 GM 地圖標,Ardbeg,官方,1973,,0.4,700,,,,90.61,,440,"6,500.00",2003裝瓶/地圖標,,2018/6/4,2019/3/19,2019/3/20
Ardbeg 1974 #2743,阿貝 1974 #2743,Ardbeg,官方,1974,31,0.517,700,"波本 , 豬頭",2743,106,93.5,,"2,150.00",,,,2019/3/4,,2019/2/25
Ardbeg 1974 GM Connoisseurs Choice,阿貝 1974 GM 地圖標,Ardbeg,官方,1974,,0.4,700,,,,90.75,,,"5,300.00",1993裝瓶/地圖標,,,2019/3/19,2019/3/20
Ardbeg 1974 Provenance1st Release,阿貝 起源 1974 第一版,Ardbeg,官方,1974,23,0.556,700,"波本 , 豬頭",,5000,94.1,,"2,600.00",,第一版,,2019/3/4,,2019/2/25
Ardbeg 1975 #1378,阿貝 1975 #1378,Ardbeg,官方,1975,31,0.537,700,雪莉,1378,453,92.9,,"3,500.00",,,,2019/3/4,,2019/2/25
Ardbeg 1975 DL Platinum Selection - clear glass bottle,阿貝 1975 DL Old & Rare,Ardbeg,Douglas Laing,1975,29,0.583,700,,,145,92.24,,"1,250.00","14,100.00",,,2019/2/4,2019/3/19,2019/3/19
Ardbeg 1979 GM Connoisseurs Choice,阿貝 1979 GM 26年 地圖標,Ardbeg,官方,1979,26,0.43,700,波本 Barrels(二次充填),,,88.67,,190,"6,800.00",地圖標,,2015/11/30,2019/3/19,2019/3/20
Ardbeg 1996 Twenty Something,阿貝 廿幾歲 22年,Ardbeg,官方,1996,22,0.464,700,前波本,,2400,90.53,19500,359,,FB明跑公司貨,2019/3/8,2019/2/4,,2019/3/14
Ardbeg 1999 SMWS 33.89 Sweet and secretive,阿貝 1999 SMWS 33.89,Ardbeg,Scotch Malt Whisky Society,1999,10,0.572,700,,,250,86.25,7800,,,,2018/1/8,,,2019/3/7
Ardbeg 2000 MoS,阿貝 2000 MoS,Ardbeg,Malts of Scotland,2000,,0.515,700,雪莉Butt,,525,89.48,,240,"3,000.00",2018裝瓶,,,2017/12/4,2019/3/25
Ardbeg 2011 #2198,阿貝 2011 #2198,Ardbeg,官方,2011,6,0.602,700,波本 (一次充填),2198,256,92.2,,525,,,,2019/3/4,,2019/2/25
Ardbeg Alligator,阿貝 鱷魚 台版,Ardbeg,官方,,,0.512,700,新美國白橡木 Barrels,,,,9200,230,,台版,2019/3/25,2019/3/4,,2019/3/6
Ardbeg Auriverdes Limited Edition,阿貝 足球 限量,Ardbeg,官方,2002,12,0.499,700,美國橡木,,66600,85.68,3700,77,,Feis Ile 2014/FB台灣貨,2019/3/14,2019/3/4,,2019/3/22
Ardbeg Corryvreckan,阿貝 漩渦,Ardbeg,官方,,,0.571,750,,,,,1700,55,,美版,,2019/3/4,,2019/3/6
Ardbeg Dark Cove Committee Release,阿貝 暗灣 會員版,Ardbeg,官方,,,0.55,700,前波本 & 暗雪莉,,,88.18,7000,150,,會員限定,2019/4/23,2019/3/4,,2019/4/24
Ardbeg Kelpie Special Committee Only Edition,阿貝 海妖 會員版,Ardbeg,官方,,,0.517,700,俄羅斯橡木(處女),,,86.63,7300,160,,FB拍賣無盒會員,2019/4/23,2019/3/4,,2019/4/24
Ardbeg Kildalton,阿貝 十字架,Ardbeg,官方,,,0.46,700,波本 & 雪莉(二次充填),,,85.91,8000,210,"3,000.00",,2018/11/7,2019/3/4,2019/3/19,2019/3/20
Ardbeg Perpetuum 200 Years of Ardbeg,阿貝 Perpetuum 200周年,Ardbeg,官方,,,0.474,700,波本 & 雪莉,72000,,84.53,3275,85,,公司貨4盒13100,2018/9/19,2019/3/4,,2019/3/7
Ardbeg Supernova 2009,阿貝 超新星 2009,Ardbeg,官方,,,0.589,700,,,21000,89.13,,,"3,300.00",2009裝瓶,,,2019/3/19,2019/3/20
Ardbeg Supernova SN 2010,阿貝 超新星 2010,Ardbeg,官方,,,0.601,700,,,,89.16,,220,"2,900.00",2010裝瓶,,2019/3/4,2019/3/19,2019/3/20
Ardbeg Twenty One,阿貝 21年,Ardbeg,官方,,21,0.46,700,前波本,,8268,87.6,16400,298,,阿貝會員限定/2016版,2018/6/26,2018/3/4,,2019/3/11
Ardbeg Uigeadail L6,阿貝 烏嘎爹 L6,Ardbeg,官方,1996,,0.542,700,,,,89.29,20000,,,,,,,2019/3/5
Ardbeg Uigeadail L9,阿貝 烏嘎爹 L9,Ardbeg,官方,,,0.542,700,波本 & 雪莉,,,88.86,2800,,,,,,,2019/3/5
ArdbegTwenty Something 23YO,阿貝 廿幾歲 23年,Ardbeg,官方,,23,0.463,700,前波本& 前Oloroso雪莉,,,89.46,21450,320,,FB拍賣UK版/阿貝會員限定,2019/4/12,,,2019/4/16
Ardmore 1996 HL Old Malt Cask,阿德莫爾 1996 HL OMC 20年,Ardmore,Hunter Laing,1996,20,0.493,700,豬頭(二次充填),HL 13770,278,86,2900,,,,2018/1/9,,,2019/3/8
Ardmore 2004 SMWS 66.81 Black bun by a peaty hearth,阿德莫爾 2004 SMWS 66.81,Ardmore,官方,2004,11,0.614,700,白酒豬頭(一次充填),,258,74.33,4000,,,,2019/2/13,,,2019/3/12
Arran 1995 Founder's Reserve,愛倫 Founder's Reserve,Arran,官方,1995,6,0.43,700,,,,82.39,1200,,,,2018/5/12,,,2019/3/7
Arran 2000 Morlow,愛倫 Morlow 千囍年,Arran,官方,2000,15,0.534,700,"雪莉, 豬頭",,,88.25,3100,,,,2018/5/12,,,2019/3/7
Arran The Devil's Punch Bowl Chaper I,愛倫 惡魔 第一章,Arran,官方,,,0.523,700,波本Barrels & 雪莉Butt,,6660,87.5,,240,,,,,,2019/3/3
Arran The Devil's Punch Bowl Chaper II,愛倫 惡魔 第二章,Arran,官方,,,0.531,700,27種愛倫酒廠木桶,,6660,87.13,3100,129,,公司貨3盒9300,2018/9/19,2019/1/7,,2019/3/3
Arran The Devil's Punch Bowl Chaper III,愛倫 惡魔 第三章,Arran,官方,,,0.534,700,波本 & 雪莉,,6660,86.27,,90,,,,,,2019/3/3
Aultmore 1983 Exceptional Cask Series,雅墨 1983 33年,Aultmore,官方,1983,33,0.533,700,雪莉,,678,83.33,,,"9,800.00",,,,2019/3/19,2019/3/20
Aultmore 1983 Flora & Fauna - Cask Strength,雅墨 1983 花鳥 原酒,Aultmore,官方,1983,14,0.588,700,,,,87.47,,300,"4,900.00",,,2019/1/7,2019/3/19,2019/3/19
Balblair 2001 Single Cask,巴布萊爾 2001 單桶 #686,Balblair,官方,2001,,0.574,700,,,686,,4300,,,FB私價/台灣限定,2019/4/22,,,2019/4/23
Balvenie 17-year-old Sherry Oak,百富 17年 雪莉,Balvenie,官方,,17,0.482,700,Oloroso雪莉(一次充填),,,89,,,"4,200.00",2007裝瓶,,,2019/3/24,2019/3/25
Balvenie 17-year-oldSherry Oak,百富 17年 雪莉,Balvenie,官方,,17,0.43,700,Oloroso 雪莉 (一次充填),,,87.96,12000,370,,,,,,2019/2/26
Balvenie 1991 Rose,百富 1991 玫瑰 首版,Balvenie,官方,1991,16,0.534,700,波特(一次充填),,,91,,,"18,800.00",,,,2019/3/19,2019/3/20
Balvenie 1991 Rose Second Release,百富 1991 玫瑰 第二版,Balvenie,官方,1991,16,0.503,700,波特(一次充填),,,91.31,,,"15,300.00",,,,2019/3/19,2019/3/20
Balvenie 40-year-old Batch 7,百富 40年 第七版,Balvenie,官方,,40,0.485,700,3種美國橡木 + 3種雪莉 Butts,,,92.44,,,"30,688.00",,,,2019/3/19,2019/3/19
Balvenie Thirty,百富 30年,Balvenie,官方,,30,0.473,700,Oloroso雪莉 & 傳統橡木,,,91.5,24800,725,,,2019/3/25,2019/3/4,,2019/3/27
Balvenie Tun 1401 Batch No. 2,百富 1401 第二版,Balvenie,官方,,,0.506,700,7種波本 & 3種雪莉 Butt,,2226,91.5,,600,"6,500.00",Batch 2,,2019/1/7,2019/3/19,2019/3/20
Balvenie Tun 1401 Batch No. 4,百富 1401 第四版,Balvenie,官方,2012,,0.504,700,3種雪莉 Butts & 7種美國橡木 Barrels ,,2500,90.42,22100,,,2012裝瓶,2019/3/24,,2019/3/27,2019/3/27
Balvenie Tun 1401 Batch No. 5,百富 1401 第五版,Balvenie,官方,,,0.501,700,5種波本 & 4種雪莉Butt,,2862,91.38,,525,,第五版 (英國、歐洲限定),,2019/3/4,,2019/2/26
Balvenie Tun 1509 Batch No. 1,百富 1509 第一版,Balvenie,官方,,,0.471,750,35種美國橡木 & 7種雪莉,,,91.76,16000,240,,Fb明價/第一版,2018/10/10,2019/3/4,,2019/2/26
Balvenie Tun 1509 Batch No. 4,百富 1509 第四版,Balvenie,官方,,,0.517,700,"10種雪莉Butts, 13種美國波本(一次填充)",,8850,88.86,9000,370,,,2018/9/12,2018/12/3,,2019/3/7
Balvenie Tun 1509 Batch No. 5,百富 1509 第五版,Balvenie,官方,,,0.526,700,10種波本 & 3種美國橡木(二次充填) & 8種雪莉豬頭,,8000,91.12,10100,250,,第五版 (美國限定),2018/9/12,2019/3/4,,2019/2/26
Balvenie Tun 1858 Batch No. 1,百富 1858 第一版,Balvenie,官方,,,0.504,700,3種雪莉 & 6種傳統威士忌橡木,,2200,91.22,66999,935,,第一版 (台灣限定),2019/1/2,2017/8/7,,2019/2/26
Balvenie Tun 1858 Batch No. 3,百富 1858 第三版,Balvenie,官方,,,0.461,700,雪莉Butts & 傳統橡木,,,90.5,20100,625,,台灣限定,2019/4/17,2018/10/8,,2019/4/18
Balvenie Tun 1858 Batch No. 5,百富 1858 第五版,Balvenie,官方,,,0.514,700,4種歐洲雪莉 & 六種美國橡木,,,82,,525,,第五版 (台灣限定),,2019/3/4,,2019/2/26
Balvenie Tun 1858 Batch No. 7,百富 1858 第七版,Balvenie,官方,,,0.521,700,雪莉 Butt & 傳統橡木,,,,19200,525,,第七版,2019/3/24,2019/1/7,,2019/3/27
Ben Nevis 1991 Single Cask #3711,班尼富 1991 單桶 #3711,Ben Nevis,官方,1991,25,0.613,700,雪莉,3711,584,90.11,7000,310,,,2018/3/14,2019/3/4,,2019/3/8
BenRiach 1966 GM Private Collection,班瑞克 1966 GM #605,Benriach,Gordon & MacPhail,1966,,0.561,700,美國橡木 豬頭(一次充填),605,129,91.94,20000,,,,2018/12/30,,,2019/3/22
BenRiach 1972 Single Cask Bottling - Batch 2,班瑞克 1972 單桶 第二版 #4043,Benriach,官方,1972,33,0.49,700,豬頭,4043,261,90.91,13600,330,,2005裝瓶,2019/3/4,2016/10/3,,2019/3/13
Benriach 1977 Single Cask Bottling - Batch 7 #1033,班瑞克 1977 第七版 #1033,Benriach,官方,1977,33,0.522,700,PX雪莉,1033,331,90,,420,,第七版,,2019/3/4,,2019/2/26
BenRiach 1986 Single Cask Bottling - Batch 13 #3183,班瑞克 1986 第十三版 #3183,Benriach,官方,1986,30,0.556,700,"PX雪莉,豬頭",3183,307,91.07,,386,,,,2019/3/4,,2019/2/26
BenRiach 1996 Single Cask Bottling,班瑞克 1996 單桶 #3609,Benriach,官方,1996,,0.543,700,PX雪莉 Puncheon,3609,697,,3600,,,亞洲味雷協會選桶/台灣限定,2019/3/29,,,2019/3/29
BenRiach 22-year-old Finished in Moscatel Casks,班瑞克 22年 慕絲卡堤 甜雪莉,Benriach,官方,,22,0.46,700,Moscatel 雪莉,,5927,89.72,,127,,,,2019/3/4,,2019/2/26
Bowmore 08-year-old,波摩 8年 海鷗,Bowmore,官方,,8,0.4,700,,,,81.96,6000,85,,歐拍價義大利限定,2019/3/8,2019/3/4,,2019/3/14
Bowmore 12 seagulls,波摩 12年 海鷗,Bowmore,官方,,12,0.43,700,,,,89.5,5000,147,,,,2019/3/4,,2019/3/15
Bowmore 12-year-old,波摩 12年 海鷗 1000ML 燙金,Bowmore,官方,,12,0.43,"1,000",,,,84.72,8500,350,"4,700.00",免稅限定/白標版FB拍價8000,2019/3/8,2019/3/4,2019/3/19,2019/3/19
Bowmore 16-year-old SMWS 3.233 Poached peaches in red wine,波摩 16年 SMWS 3.233,Bowmore,Scotch Malt Whisky Society,,16,0.568,700,前雪莉(二次充填),,579,88.25,5800,130,,2014裝瓶/Whisky Luxe Taipei 台灣限定,2019/2/26,2016/7/4,,2019/3/14
Bowmore 1955,波摩 1955 40年,Bowmore,官方,1955,40,0.42,700,波本豬頭 & 雪莉熟成,,306,94.91,,"20,623.00","299,999.00",,,2018/12/3,2019/3/19,2019/3/19
Bowmore 1956 Islay Pure Malt,波摩 1956,Bowmore,官方,1956,,0.43,750,雪莉,,,95.25,,"4,700.00",,,,2019/1/7,,2019/2/26
Bowmore 1957,波摩 1957,Bowmore,官方,1957,38,0.401,700,,216 - 220,861,94.68,,"4,100.00",,,,2019/3/4,,2019/2/26
Bowmore 1964 Bicentenary,波摩 1964 兩百週年,Bowmore,官方,1964,15,0.43,750,,,,93.94,,"2,100.00",,,,2019/3/4,,2019/2/26
Bowmore 1968 Anniversary Edition,波摩 1968 32年 海鷗,Bowmore,官方,1968,32,0.455,700,,,1860,93.88,132000,,,Stanley P. Morrison Company 50周年紀念,2019/4/12,,,2019/4/11
Bowmore 1970,波摩 1970 三得利倫敦辦公室30年紀念,Bowmore,官方,1970,30,0.43,700,,,,,,"3,300.00","41,711.00",三得利倫敦辦公室30年紀念/2001裝瓶,,2014/12/1,2019/3/19,2019/3/19
Bowmore 1973 Limited Release,波摩 1973 限量 43年,Bowmore,官方,1973,43,0.432,700,"波本,豬頭",,,95.14,210000,"4,000.00",,FB私價,2019/2/26,2019/1/7,,2019/2/26
Bowmore 1985 SMS The Single Malts of Scotland,波摩 1985 SMS #34127,Bowmore,官方,1985,23,0.601,700,豬頭,34127,266,90,15000,85,,,2018/12/7,2016/2/7,,2019/3/8
Bowmore 1987 DL XOP - Xtra Old Particular,波摩 1987 XOP,Bowmore,Douglas Laing,1987,30,0.508,700,Butt(二次充填),DL12376,135,90.63,20100,430,,,2019/2/16,2019/3/4,,2019/3/12
Bowmore 1990 UD The Solution,波摩 1990 UD,Bowmore,UD,1990,21,0.5,700,,,50,91.67,11100,,,,2018/5/12,,,2019/3/7
Bowmore 1995 SMWS 3.250 Sweet and salty perfumed smoke,波摩 1995 SMWS 3.250,Bowmore,Scotch Malt Whisky Society,1995,20,0.543,700,豬頭(二次充填),,254,,,152,"2,900.00",日本限定,,2016/7/4,2019/3/19,2019/3/20
Bowmore 1997 Douglas Laing 21 Year Old / XOP,波摩 1997 21年 XOP,Bowmore,Douglas Laing,1997,21,0.562,700,豬頭(二次充填),DL 12539,317,88.33,,180,,,,2019/3/4,,2019/2/27
Bowmore 1997 Hand Filled 16 Year Old Cask #23,波摩 1997 手工裝填 16年 #23,Bowmore,官方,1997,16,0.555,700,雪莉(一次充填),23,600,91.03,,310,,第一版,,2019/3/4,,2019/2/27
Bowmore 1998 Hand Filled 20 Year Old Cask #58,波摩 1998 手工裝填 20年 #58,Bowmore,官方,1998,20,0.575,700,Oloroso 雪莉,58,,91.44,18000,323,,FB起跑18000流標/30th Edition,,2019/3/4,,2019/2/27
Bowmore 1999 Hand Filled 19 Year Old Cask #2116,波摩 1999 手工裝填 19年 #2116,Bowmore,官方,1999,19,0.55,700,Oloroso 雪莉 (一次充填),2116,,90.26,,270,,,,2019/3/4,,2019/2/27
Bowmore 2000 Hand Filled 17 Year Old Cask #2495,波摩 2000 手工裝填 17年 #2495,Bowmore,官方,2000,17,0.569,700,雪莉 Puncheon (一次充填),2495,,91.49,,340,"4,900.00",,,2019/3/4,2019/3/19,2019/3/20
Bowmore 2000 Hand Filled Cask 17 Year Old #2488,波摩 2000 手工裝填 17年 #2488,Bowmore,官方,2000,17,0.581,700,Oloroso 雪莉 (一次充填),2488,489,92.03,,350,,,,2019/3/4,,2019/2/27
Bowmore 2000 MoS,波摩 2000 MoS #18019,Bowmore,Malts of Scotland,2000,,0.538,700,雪莉 豬頭,MoS 18019,254,88.23,,,"2,200.00",2018裝瓶,,,2019/3/24,2019/3/25
Bowmore 2000 MoS The warehouse dram No. 18,波摩 2000 MoS #17005,Bowmore,Malts of Scotland,2000,,0.528,500,義大利Barolo葡萄橡木桶,MoS 17005,187,87.68,6800,,,2017裝瓶,2019/3/11,,,2019/3/22
Bowmore 2001 BA Raw Cask,波摩 黑蛇 2001,Bowmore,Blackadder,2001,13,0.573,700,豬頭,,292,85,3100,,,,,,,2019/3/6
Bowmore 2002 SV Cask Strength Collection,波摩 11年 SV 單桶原酒,Bowmore,Signatory Vintage,2002,11,0.578,700,豬頭,2185,301,88.12,4200,,,比利時限定,2019/3/3,,,2019/3/13
Bowmore 25-year-old Seagulls - Old label,波摩 25年 海鷗 舊標,Bowmore,官方,,,0.43,750,,,,92.08,29000,460,,海鷗 舊標,2019/3/6,2018/12/3,,2019/3/14
Bowmore 25-year-old Small Batch Release,波摩 25年 Small Batch Release 小批次,Bowmore,官方,,25,0.43,700,美國波本 & 西班牙雪莉,,,88.69,8400,190,,Small Batch Release,2019/4/22,,,2019/4/23
Bowmore Cask Strength,波摩 海鷗 原酒 白標,Bowmore,官方,,,0.56,700,,,,84,,180,"2,600.00",2005裝瓶,,2019/2/4,2019/3/19,2019/3/19
Bowmore Cask Strength Glass Printed Label,波摩 海鷗 原酒 燙金,Bowmore,官方,,,0.56,700,,,,84.89,,220,"3,000.00",,,2019/1/7,2019/3/19,2019/3/19
Bowmore Dusk Bordeaux Wine Casked,波摩 Dusk Bordeaux Wine Casked,Bowmore,官方,,,0.5,700,Claret,,,86.42,12000,,,FB明價,2018/1/3,,,2019/4/6
Bowmore Golf Decanter No.1 Turnberry,波摩 Golf Decanter No.1,Bowmore,官方,,21,0.43,750,,,,93,,"1,118.00",,,,2019/3/4,,2019/2/27
Bowmore Legend,波摩 傳奇,Bowmore,官方,,,0.4,700,,,,82,8500,180,,"FB私價/""Legend""位於酒標中央綠底白字",2019/3/18,2019/3/4,,2019/3/23
Bowmore Mariner Glass printed label with gulls and ship,波摩 海鷗 15年 Mariner 燙金,Bowmore,官方,,15,0.43,750,,,,82.38,15000,258,"2,500.00",FB明價,,2019/3/4,2019/3/19,2019/3/19
Bowmore Mizunara Cask Finish,波摩 水楢桶,Bowmore,官方,,,0.539,700,水楢桶,,2000,91.1,43000,"1,050.00",,2019/2/19 明價42000,2018/9/19,2019/3/4,,2019/2/27
Brora 11th Release,布朗拉 第十一版 35年,Brora,官方,1976+1977,35,0.481,700,美國橡木(二次充填),,1566,93.34,,"1,060.00","13,800.00",2012裝瓶,,2019/2/4,2019/3/19,2019/3/20
Brora 12th Release,布朗拉 第十二版 2013 35年,Brora,官方,1977,35,0.499,700,美國橡木(二次填充) & 歐洲橡木,,2944,93.44,42000,"1,005.00",,2013版,2018/3/14,2018/11/5,,2019/3/8
Brora 1982 GM Connoisseurs Choice,布朗拉 1982 GM,Brora,Gordon & MacPhail,1982,28,0.43,700,雪莉(二次充填),,,86.93,22000,410,,FB無盒/新地圖標,2019/2/25,2019/3/4,,2019/3/14
Brora 1982 Rare Malts Selection,布朗拉 1982 Rare Malts,Brora,官方,1982,20,0.581,700,,,6000,89.05,27000,700,,FB拍賣無盒,2019/3/4,2019/3/4,,2019/3/13
Brora 4th Release,布朗拉 第四版 30年,Brora,官方,1975,30,0.563,700,,,3000,94.13,,"1,055.00","15,100.00",2005裝瓶,,2019/2/4,2019/3/19,2019/3/20
Brora 5th Release,布朗拉 第五版 2006 30年,Brora,官方,,30,0.557,700,,,2130,93.22,46400,"1,055.00","16,200.00",,2019/3/6,2019/2/4,2019/3/19,2019/3/20
Brora 9th Release,布朗拉 第九版 30年,Brora,官方,,30,0.543,700,,,3000,91.64,,826,"14,000.00",2010裝瓶,,2019/2/4,2019/3/19,2019/3/20
Bruichladdic Octomore Oc1 SMS Elements of Islay,艾雷元素 Oc1,Bruichladdich,Speciality Drinks Ltd,,,0.654,500,Cte-Rtie La Mouline Wine,,,90.11,4700,231,,,2018/12/25,2018/3/5,,2019/3/6
Bruichladdich 1984 Rare Cask Series 32 Year Old / All In,布萊迪 1984 32年  All In 標,Bruichladdich,官方,1984,32,0.437,700,12種波本,,3000,90.29,,625,,,,2019/3/4,,2019/2/27
Bruichladdich 1989 Black Art 21 Year Old / Edition 2.2,布萊迪 1989 黑色藝術 21年 2.2版,Bruichladdich,官方,1989,21,0.497,700,美國橡木 & 歐洲橡木,,292,91.75,,320,,,,2019/3/4,,2019/2/27
Bruichladdich 1991 Yellow Submarine 25 Year Old / WMD III,布萊迪 1991 黃色潛水艇 25年 WMDIII,Bruichladdich,官方,1991,25,0.46,700,二次充填雪莉 & 波本 & 西班牙紅酒桶,,1991,90.07,,500,,,,2019/3/4,,2019/2/27
Bruichladdich 1992 Black Art 24 Year Old / Edition 5.1,布萊迪 1992 黑色藝術 24年 5.1版,Bruichladdich,官方,1992,24,0.484,700,,,12000,88.6,,260,,,,2019/3/4,,2019/2/27
Bunnahabhain 1979 BR Berrys' Own Selection,布納哈本 1979 BR #1795,Bunnahabhain,Berry Bros & Rudd,1979,32,0.547,700,雪莉,1795,,88.84,20000,,,FB私價,2019/3/14,,,2019/3/23
Bunnahabhain 1979 BR Berrys' Own Selection,布納哈本 1979 BR Whisky Live Taipei,Bunnahabhain,Berry Bros & Rudd,1979,32,0.547,700,前雪莉(一次填充),1794,520,90.71,23500,,,MMA銀牌,2018/9/19,,,2019/3/7
Bunnahabhain 1979 Duncan Taylor 34 Year Old,布納哈本 1979 鄧肯泰勒 34年,Bunnahabhain,Duncan Taylor,1979,34,0.457,700,雪莉,386831,92,91.91,,700,,,,2019/3/4,,2019/2/27
Bunnahabhain 1980 TWA Joint Bottling with La Maison du Whisky,布納哈本 1980 TWA 33年,Bunnahabhain,The Whisky Agency,1980,33,0.458,700,前雪莉 Butt,,495,87.88,16800,262,,FB明價,2019/3/11,2019/3/4,,2019/3/22
Bunnahabhain 1987 Wy Single Cask Release,布納哈本 1987 WM威姆斯 單桶 #2675,Bunnahabhain,Wemyss Malts,1987,30,0.623,700,雪莉,2675,466,,13000,,,台灣限定/人生酒肆,2019/3/13,,,2019/3/22
Bunnahabhain 1991 DT Dimensions,布納哈本 1991 鄧肯泰勒 20年 雪莉原酒,Bunnahabhain,Duncan Taylor,1991,20,0.527,700,雪莉,5342,670,85.25,5000,,,,2019/3/8,,,2019/3/14
Bunnahabhain 1997 Palo Cortado Finish 20 Year Old,布納哈本 1997 Palo Cortado 20年,Bunnahabhain,官方,1997,20,0.549,700,Palo Cortado 雪莉,,1620,91.08,10800,284,,FB私價,2019/2/4,2019/3/4,,2019/3/23
Bunnahabhain 1998 AD Selection,布納哈本 1998 艾德菲選桶,Bunnahabhain,Adelphi,1998,13,0.552,700,前雪莉 Butts,6039,629,89.56,5000,75,,台灣限定,2018/1/8,,,2019/3/7
Bunnahabhain 2008 SMWS 9 Year Old 10.162,布納哈本 2008 SMWS 9年 10.162,Bunnahabhain,Scotch Malt Whisky Society,2008,9,0.614,700,"前 Oloroso 雪莉(一次填充), 豬頭",10.162,277,87,,,,,,,,2019/2/27
Bunnahabhain 25-year-old Small Batch Distilled,布納哈本 25年 Small Batch Distilled 2017,Bunnahabhain,官方,,25,0.463,700,,,,89.21,10000,,,FB非木盒/FB私價/2017裝瓶,2019/2/24,,,2019/3/23
Bunnahabhain Mine Oloroso,布納哈本 Moine,Bunnahabhain,官方,,,0.601,700,Oloroso 雪莉,,,86.81,2800,140,,,2018/8/21,2019/2/4,,2019/3/7
Bunnahabhain XXV,布納哈本 XXV 25年,Bunnahabhain,官方,,25,0.463,700,,,,89.74,8500,220,,,2019/4/4,2018/12/3,,2019/4/10
Caol Ila 1968 Gordon and MacPhail 50 Year Old / Private Collection,卡爾里拉 1968 GM 50年,Caol Ila,Gordon & MacPhail,1968,50,0.525,700,雪莉(二次充填),,199,,,"5,499.00",,建議售價7500英鎊,,2019/3/4,,2019/2/27
Caol Ila 1980 DL XOP - Xtra Old Particular,卡爾里拉 1980 XOP 36年,Caol Ila,官方,1980,36,0.574,700,豬頭(二次充填),DL 11491,172,91.2,11500,,,,2018/12/25,,,2019/3/6
Caol Ila 1980 DL XOP - Xtra Old Particular,卡爾里拉 1980 XOP 38年,Caol Ila,Douglas Laing,1980,38,0.539,700,豬頭(二次充填),,177,,,480,,,,2019/3/4,,2019/3/2
Caol Ila 1982 Artist Collection #3 30 Year Old,卡爾里拉 藝術收藏 #3 30年,Caol Ila,LMDW,1982,30,0.544,700,波本 Barrel,6488,228,91.3,,265,,,,2019/3/4,,2019/3/2
Chichibu 2008 Whisky Live Tokyo,秩父 2008 Whisky Live Tokyo,Chichibu,官方,2008,,0.618,700,波本,123,238,82.43,11588,585,,,2018/11/30,2018/4/2,,2019/3/7
Chichibu 2009,秩父 2009 帆船,Chichibu,官方,2009,,0.616,700,,640,214,,35000,575,,,2018/11/10,2018/3/5,,2019/3/7
Chichibu 2009 Japan Warrior Series - Number One,秩父 2009 日本武士 #2369,Chichibu,官方,2009,,0.619,700,雪莉 Puncheon & 法國白酒熟成,2369,265,91.07,85300,"1,550.00",,FB含木盒*1 紙盒*1/德國限定,2019/4/22,2019/3/4,,2019/4/23
Chichibu 2009 Whisky Live Tokyo,秩父 2009 Whisky Live Tokyo,Chichibu,官方,2009,1,0.62,700,豬頭(二次充填),496,318,62,11200,430,,2011裝瓶,2018/11/30,2018/4/2,,2019/3/7
Chichibu 2010 Ichiro's Malt,秩父 2010 #2641,Chichibu,官方,2010,5,0.59,700,,2641,,91.13,20100,330,,日本高島屋限定,2018/12/23,2017/12/4,,2019/3/8
Chichibu 2010 Ichiro's Malt - Whisky Talk 2015 Fukuoka,秩父 2015 福岡 動物 (貓頭鷹),Chichibu,官方,2010,,0.608,700,小桶(一次填充) & Puncheon(三次填充),,593,,26700,700,,,2019/2/14,2018/12/3,,2019/3/12
Chichibu 2011 Thousand Crane Series,秩父 2011 千羽鶴系列,Chichibu,官方,2011,,0.637,700,"Madeira 馬德拉, 豬頭",1372,242,92,26000,,,與2012版合售52200,,,,2019/3/5
Chichibu 2012 Thousand Crane Series,秩父 2012 千羽鶴系列,Chichibu,官方,2012,,0.606,700,"Ex1011 (Hanyu 2000 羽生 2000 年), 豬頭",1691,274,92.33,26000,,,與2011版合售52200,,,,2019/3/5
Chichibu Ichiro's Malt & Grain,秩父 白葉 46%,Chichibu,官方,,,0.46,700,,,,84.34,1400,,,調和威士忌,2018/10/23,,,2019/3/8
Chichibu MWR Ichiro's Malt - Mizunara Wood Reserve,秩父 金葉水楢桶,Chichibu,官方,,,0.46,700,水楢桶,,,84.46,,,,,,,,2019/3/11
Chichibu On The Way Ichiro's Malt,秩父 On The Way 2015,Chichibu,官方,,,0.555,700,,,10700,87.79,10000,160,,,2018/12/15,2019/3/4,,2019/3/7
Chichibu Paris Edition 2018 Ichiro's Malt,秩父 巴黎 限定 2018,Chichibu,官方,,,0.573,700,3種水楢 + 2種法國橡木,1357,,89.45,20600,501,,法國限定,2019/3/14,2019/3/4,,2019/3/12
Chichibu Travel Exclusive Ichiro's Malt,秩父 原酒 2018 限定通路版,Chichibu,官方,,,0.606,700,3種波本(一次填充),,610,,18000,351,,日本免稅限定,2019/4/12,2019/3/4,,2019/3/12
Clynelish 1974 Rare Malts Selection,克里尼基 1974 23年,Clynelish,官方,1974,23,0.591,700,,,,90.3,,525,"8,300.00",,,2017/11/6,2019/3/19,2019/3/20
Clynelish 1995 DT Dimensions,克里尼基 18年 鄧肯泰勒 小山貓,Clynelish,Duncan Taylor,1995,18,0.551,700,橡木,,10170,,4800,71,,,2019/3/6,2016/9/5,,2019/3/14
Clynelish Distillery Bottling Available Only At The Distillery,克里尼基 2008 酒廠遊客中心限定,Clynelish,官方,,,0.573,700,前波本,7000,,85.78,6200,100,,,2018/3/5,2019/2/4,,2019/3/7
Craigellachie 1973 Rare Malts Selection,魁列奇 1973 22年,Craigellachie,官方,1973,22,0.602,700,,,,87.75,,390,"6,800.00",,,2019/3/4,2019/3/19,2019/3/20
Craigellachie 1990 SMWS 44.64 You can fly,魁列奇 1990 SMWS 44.64,Craigellachie,官方,1990,24,0.52,700,前波本豬頭(二次充填),,288,86.5,,,"5,000.00",,,,2019/3/19,2019/3/20
Craigellachie 1992 Exceptional Cask Series,魁列奇 1992 24年,Craigellachie,官方,1992,24,0.46,700,,CR 2592,,,,,"7,800.00",,,,2019/3/19,2019/3/20
Craigellachie 1995 HL Old Malt Cask,魁列奇 1995 HL OMC 22年,Craigellachie,Hunter Laing,1995,22,0.5,700,雪莉 Butt,HL 14460,450,87,3300,75,,,2018/5/12,2018/8/6,,2019/3/8
Dailuaine 1980 Special Release 2015,大雲 1980 2015特別版,Dailuaine,官方,1980,34,0.509,700,美國橡木(二次充填),,2952,90.39,,270,"6,800.00",,,2018/12/3,2019/3/19,2019/3/20
Dallas Dhu 1979 GM Licensed Bottling,達拉斯杜 1979 GM,Dallas Dhu,Gordon & MacPhail,1979,,0.4,700,,,,83.21,,190,"3,200.00",1998裝瓶,,2019/1/7,2019/3/19,2019/3/19
Dalmore 18-year-old,大摩 18年,Dalmore,官方,,18,0.43,700,,,,83.67,3250,82,,兩瓶6500,,2019/3/4,,2019/3/7
Dalmore 1973 Rare & Prestige,大磨 1973 33年,Dalmore,官方,1973,33,0.45,700,Cabernet Sauvignon 葡萄 橡木,,1000,93.63,,"2,200.00","27,200.00",,,2018/9/3,2019/3/19,2019/3/20
Dalmore 25-year-old Whyte & Mackay - Distillery label,大摩 25年 Whyte & Mackay 木盒,Dalmore,官方,,25,0.43,750,,,,91.65,,910,"25,000.00",,,2016/2/1,2019/3/19,2019/3/19
Dalmore 50 Year Old 10cl Decanter,大摩 50年,Dalmore,官方,,50,0.528,100,,,191,94.32,,,,,,2019/3/4,,2019/3/2
Edradour 1995 Oloroso Cask Finish,艾德多爾 1995 Oloroso雪莉,Edradour,官方,1995,21,0.562,700,波本 + Oloroso雪莉 Butts(一次充填),,2027,88.05,,,"2,000.00",,,,2019/3/24,2019/3/25
Edradour 2005,艾德多爾 白藝妓,Edradour,官方,2005,11,0.591,700,前 Oloroso 雪莉(一次填充),90,678,92.29,9200,,,MMA 2017 得獎,,,,2019/3/6
Glen Grant 1963 Sherry Cask 50 Year Old 20cl,格蘭冠 1963 雪莉 50年,Glen Grant,官方,1963,50,0.544,200,雪莉,5171,150,93,,"2,000.00",,,,2019/3/4,,2019/3/2
Glen Grant 1988 AD Limited,格蘭冠 1988 艾德菲爾 限量,Glen Grant,Adelphi,1988,29,0.563,700,雪莉(一次充填),9165,429,89.33,11000,,,FB私價,2019/2/25,,,2019/3/13
Glen Moray 1986 DT Rare Auld,格蘭莫雷 1986 鄧肯泰勒 24年 Rare Auld,Glen Moray,Duncan Taylor,1986,24,0.556,700,橡木,2858,215,87.67,5800,,,,2019/3/8,,,2019/3/14
Glendronach 15-year-old Revival,格蘭多納 15年 Revival,Glendronach,官方,,15,0.46,700,PX & Oloroso 雪莉,,,86.26,1500,70,,兩瓶3088,2018/12/7,2018/3/4,,2019/3/7
Glendronach 1971 Single Cask - Batch 1,格蘭多納 1971 單桶 第一版 #483,Glendronach,官方,1971,38,0.494,700,Oloroso 雪莉 Butt,483,544,92.72,60000,"1,575.00","18,700.00",,2019/3/6,2018/12/3,2019/3/19,2019/3/19
Glendronach 1972 Single Cask,格蘭多納 1972 #2033,Glendronach,官方,1972,39,0.491,700,PX 雪莉 Puncheon,2033,450,93.82,69000,"1,000.00",,台灣限定,2019/2/18,2017/8/7,,2019/3/12
Glendronach 1978 The Millennium Malt,格蘭多納 1978 The Millennium Malt,Glendronach,官方,1978,20,0.43,700,,,,88.5,,,"3,600.00",英國限定,,,2019/3/19,2019/3/19
Glendronach 1990 Single Cask ,格蘭多納 1990 單桶 #1159,Glendronach,官方,1990,22,0.536,700,Oloroso雪莉,1159,672,88.67,9000,,,FB私價/台灣限定,2019/3/14,,,2019/3/23
Glendronach 1990 Single Cask - Batch 3,格蘭多納 1990 單桶 #3068,Glendronach,官方,1990,20,0.526,700,PX雪莉 Puncheon,3068,750,87.09,8000,160,,FB私價,2019/2/23,2018/3/5,,2019/3/23
Glendronach 1990 Single Cask #3049,格蘭多納 1990 單桶 #3049,Glendronach,官方,1990,23,0.532,700,PX 雪莉 Puncheon,3049,673,86.71,6200,,,台灣限定,2018/12/12,,,2019/3/11
Glendronach 1991 Single Cask #1344,格蘭多納 1991 單桶 #1344,Glendronach,官方,1991,18,0.525,700,Oloroso 雪莉,1344,303,87,5000,140,,,2019/3/5,2017/12/4,,2019/3/6
Glendronach 1992 Single Cask,格蘭多納 1992 單桶 #98,Glendronach,官方,1992,24,0.576,700,Oloroso雪莉,98,588,91.21,12500,,,FB私價/台灣限定,2019/3/14,,,2019/3/23
Glendronach 1992 Single Cask - Batch 4 #161,格蘭多納 1992 單桶 #161,Glendronach,官方,1992,19,0.592,700,Oloroso 雪莉 Butts,161,500,89.96,14223,251,,第四批次,2018/1/8,2019/2/4,,2019/3/7
Glendronach 1992 Single Cask #150,格蘭多納 1992 單桶 #150,Glendronach,官方,1992,19,0.581,700,PX 雪莉 Butts,150,107,88.2,11881,,,台灣限定,2018/1/8,,,2019/3/7
Glendronach 1993 Single Cask #27,格蘭多納 1993 單桶 #27,Glendronach,官方,1993,20,0.591,700,Oloroso 雪莉,27,599,90.52,7500,,,台灣限定,,,,2019/3/6
Glendronach 1993 Single Cask #494,格蘭多納 1993 單桶 #494,Glendronach,官方,1993,21,0.558,700,Oloroso 雪莉 Butt,494,635,89.57,6500,200,,第10批次,2018/3/13,2018/3/5,,2019/3/8
Glendronach 1993 Single Cask #541,格蘭多納 1993 單桶 #541,Glendronach,官方,1993,19,0.601,700,Oloroso 雪莉 Butt,541,600,,7100,,,台灣限定,2018/8/22,,,2019/3/7
Glendronach 1993 Single Cask #543,格蘭多納 1993 單桶 #543,Glendronach,官方,1993,19,0.602,700,Oloroso 雪莉 Butt,543,604,90,6550,170,,2012 Whisky Live Taipei 版本,2018/3/14,2018/12/3,,2019/3/8
Glendronach 1994 Single Cask #103,格蘭多納 1994 單桶 #103,Glendronach,官方,1994,19,0.592,700,Oloroso 雪莉 Butts,103,647,87.5,6500,260,,台灣限定,2018/1/8,2019/1/7,,2019/3/7
Glendronach 1994 Single Cask #3400,格蘭多納 1994 單桶 #3400,Glendronach,官方,1994,20,0.548,700,"PX雪莉, Puncheon",,672,90.28,7000,145,,,2018/11/28,2017/12/4,,2019/3/6
Glendronach 1995 Single Cask ,格蘭多納 1995 單桶 #5087,Glendronach,官方,1995,19,0.548,700,Oloroso雪莉 Puncheon,5087,671,,5200,,,FB私價/台灣限定/人生酒肆,2019/3/14,,,2019/3/23
Glendronach 1995 Single Cask #1563,格蘭多納 1995 單桶 #1563,Glendronach,官方,1995,19,0.542,700,Oloroso 雪莉 Butt,1563,640,89.22,5250,,,,2018/3/13,,,2019/3/8
Glendronach 1996 Single Cask,格蘭多納 1996 單桶 #3831,Glendronach,官方,1996,18,0.545,700,PX雪莉 Puncheon,3831,732,84.33,5500,,,FB私價/台灣限定/Kenny Hsu 選桶,2019/3/14,,,2019/3/23
Glendronach 1996 Single Cask ,格蘭多納 1996 單桶 #1484,Glendronach,官方,1996,17,0.533,700,PX雪莉 Puncheon,1484,673,,4900,,,FB私價/台灣限定,2019/3/14,,,2019/3/23
Glendronach 2002 Single Cask #2020,格蘭多納 2002 單桶 #2020,Glendronach,官方,2002,9,0.533,"4,500",PX 雪莉 Puncheon,2020,88,,28000,,,台灣限定,2018/10/24,,,2019/3/9
Glendronach 2006 Single Cask,格蘭多納 2006 Taipei Whisky Live 2018,Glendronach,官方,2006,12,0.576,700,PX 雪莉 Puncheon,5536,655,,3100,,,Taipei Whisky Live 2018 台灣限定,2019/2/26,,,2019/3/14
Glendronach 2006 SMWS 96.17 Kicking through autumn leaves,格蘭多納 2006 SMWS 96.17,Glendronach,Scotch Malt Whisky Society,2006,11,0.565,700,前波本 Barrel,,249,,3700,,,,2019/3/15,,,2019/3/22
Glendronach 21-year-old Parliament,格蘭多納 21年 Parliament,Glendronach,官方,,21,0.48,700,Oloroso & PX 雪莉,,,88.2,3200,97,,FB明價/2011版,,2019/3/4,,2019/3/5
Glenfarclas 1954 Family Cask #1253,格蘭花格 1954 家族桶 #1253,Glenfarclas,官方,1954,59,0.463,700,雪莉,1253,424,93.64,,"3,300.00",,,,2019/3/4,,2019/3/2
Glenfarclas 1967 The Family Casks (Release A13),格蘭花格 1967 家族桶 #6354,Glenfarclas,官方,1967,46,0.54,700,雪莉,6354,522,93.14,35300,"1,050.00",,A13版,,2018/6/4,,2019/3/7
Glenfarclas 1984 Family Cask #6030 / Release VII,格蘭花格 1984 家族桶 #6030,Glenfarclas,官方,1984,,0.51,700,豬頭,6030,264,89.64,,676,,第七版,,2019/3/4,,2019/3/2
Glenfarclas 1986 Family Cask #3447 / Spring 2017,格蘭花格 1986 家族桶 #3447,Glenfarclas,官方,1986,31,0.528,700,雪莉(二次充填),3447,546,90.83,,350,,SP17版,,2019/3/4,,2019/3/2
Glenfarclas 21-year-old New Label,格蘭花格 21年 新標,Glenfarclas,官方,,21,0.43,700,雪莉,,,85.33,1300,70,,綠盒,2018/12/7,2019/3/4,,2019/3/7
Glenfiddich 1959 Private Vintage #3934,格蘭菲迪 1959 #3934,Glenfiddich,官方,1959,47,0.481,700,,3934,201,94,,"4,809.00",,,,2019/1/7,,2019/3/2
Glenfiddich 1976 Private Vintage #21229 / Queen Mary 2,格蘭菲迪 1976 #21229,Glenfiddich,官方,1976,,0.503,700,,21229,250,93,,"1,450.00",,,,2019/3/4,,2019/3/2
Glenfiddich 1992 Glenfiddich 130th Anniversary,格蘭菲迪 1992 130週年紀念,Glenfiddich,官方,1992,25,0.614,700,,34748,618,,,670,"16,488.00",,,2019/2/4,2019/3/19,2019/3/19
Glenfiddich 21-year-old - Winter Storm Experimental Series No. 03,格蘭菲迪 21年 冰風暴,Glenfiddich,官方,,21,0.43,700,冰酒桶 Icewine Cask,,8000,87.94,10500,160,,FB明價二版/總共三版,2019/4/19,2019/3/4,,2019/4/19
Glenfiddich 25-year-old Rare Oak,格蘭菲迪 25年 Rare Oak,Glenfiddich,官方,,25,0.43,700,雪莉 Butt & 美國波本 Barrels,,,88.13,6600,211,"2,100.00",,2018/12/27,2019/3/4,2019/3/24,2019/3/25
Glenfiddich 30-year-old,格蘭菲迪 30年 XXX,Glenfiddich,官方,,30,0.4,700,,,,,,350,"4,400.00",,,2019/3/4,2019/3/19,2019/3/19
Glenfiddich 30-year-old,格蘭菲迪 30年 木盒,Glenfiddich,官方,,30,0.43,700,波本 & 雪莉,Cask Selection 00025,,89.13,12400,525,,,2018/9/28,2019/3/4,,2019/3/8
Glenfiddich Snow Phoenix,格蘭菲迪 雪鳳凰,Glenfiddich,官方,,,0.476,700,美國橡木 & Oloroso雪莉,,12000,87.14,13700,350,,FB私價/2010裝瓶,2019/2/25,2019/3/4,,2019/3/23
Glenglassaugh 1986 Rare Cask Release,格蘭格拉索 1986 28年 #7,Glenglassaugh,官方,1986,28,0.432,700,雪莉,7,547,,,310,"3,500.00",,,2016/8/8,2019/3/24,2019/3/25
Glengoyne 1988 Single Cask #687,格蘭哥尼 1988 單桶 #687,Glengoyne,官方,1988,23,0.568,700,歐洲橡木雪莉 Butt,687,511,,15100,,,,2018/1/9,,,2019/3/8
Glengoyne 21-year-old Sherry,格蘭哥尼 21年 舊版 雪莉,Glengoyne,官方,,21,0.43,700,歐洲橡木雪莉 (一次填充),,,87.11,4700,90,,舊版,,2018/12/3,,2019/3/5
Glengoyne 30-year-old Limited Release,格蘭哥尼 30年,Glengoyne,官方,,30,0.468,700,雪莉,,6000,92.14,23000,481,,FB價為UK平行,2018/3/13,2018/8/6,,2019/3/8
Glengoyne Scottish Oak Wood Finish - Batch B,格蘭哥尼 橡木風味桶 Batch B,Glengoyne,官方,,15,0.43,700,蘇格蘭橡木,,,87,2800,55,,批次B,,2017/12/4,,2019/3/6
Glenkinchie 1987 SMWS 22.13,格蘭金奇 1987 SMWS 22.13,Glenkinchie,Scotch Malt Whisky Society,1987,17,0.582,700,豬頭,,202,,,,"3,600.00",,,,2019/3/19,2019/3/20
Glenlivet 13-year-old Sherry Cask Matured - Cask Strength,格蘭利威 13年 雪莉 原酒,Glenlivet,官方,,13,0.587,700,Oloroso 雪莉 Butts,,,87,2600,65,,台灣限定,2019/3/8,2019/3/4,,2019/3/14
Glenlivet 30-year-old Cellar Collection,格蘭利威 30年 Cellar Collection,Glenlivet,官方,,30,0.48,700,美國白橡木,,,91.42,,700,"8,100.00",2001裝瓶,,2019/1/7,2019/3/19,2019/3/19
Glenlivet Alpha,格蘭利威 Alpha,Glenlivet,官方,,,0.5,700,,3350,,87.54,6200,230,,,2018/5/12,2019/1/7,,2019/3/7
Glenmorangie 1990 Grand Vintage Malt,格蘭傑 1990,Glenmorangie,官方,1990,,0.43,700,前波本 & 前雪莉,,5000,89.67,,439,"4,000.00",2016裝瓶,,2019/1/7,2019/3/19,2019/3/19
Glenmorangie Signet 2017,格蘭傑 稀印 2017,Glenmorangie,官方,,,0.46,700,,,,85.6,,110,900,2017裝瓶,,2019/3/4,2019/3/24,2019/3/25
Glenmorangie Sonnalta PX Private Collection,格蘭傑 Sonnalta PX 私藏,Glenmorangie,官方,,12,0.46,"1,000",美國白橡木 & PX雪莉熟城,,2000,87.62,6400,380,,,2018/11/24,2019/3/4,,2019/3/8
Glenmorangie Traditional 100° Proof,格蘭傑 10年 傳統 100 Proof 原酒,Glenmorangie,官方,,10,0.572,"1,000",Mountain 橡木,,,85.8,,170,"1,700.00",,,2018/12/3,2019/3/24,2019/3/25
Glenrothes 1972 Restricted Release,格蘭路思 1972 嚴選,Glenrothes,官方,1972,,0.43,700,,,,91.31,,403,,,,2019/3/4,,2019/3/2
Glenrothes 1978,格蘭路思 1978 29年,Glenrothes,官方,1978,29,0.43,700,,,5600,89.32,10200,,,FB台版/2008裝瓶,2019/4/4,,,2019/4/10
Glenrothes 1990 WM Barrel Selection,格蘭路思 1990 W&M 選桶 #12899,Glenrothes,Wilson & Morgan,1990,21,0.601,700,雪莉 Butt,12899,543,,4800,100,,,2018/1/8,2016/3/7,,2019/3/7
Glenrothes 1992 Dow's Cask Finish 24 Year Old / Grimaldi Collection,格蘭路思 1992 Dow's Cask Finish 24年,Glenrothes,官方,1992,,0.571,700,波特,,322,,,580,,,,2019/3/4,,2019/3/2
Glenury Royal 1970 Rare Malts Selection,皇家格蘭烏妮 1970 29年,Glenury Royal,官方,1970,29,0.57,700,,,,90.56,,440,"8,900.00",,,2019/2/4,2019/3/19,2019/3/20
Hakushu 10-year-old,白州 10年 絕版 綠標 40%,Hakushu,官方,,10,0.4,700,,,,,6100,190,,FB拍賣UK版,2019/3/6,2019/3/4,,2019/3/14
Hakushu 12-year-old,白州 12年 綠盒,Hakushu,官方,,12,0.43,750,,,,86.65,4600,125,,FB歐版,2019/3/15,2019/3/4,,2019/3/7
Hakushu 18-year-old,白州 18年 綠盒,Hakushu,官方,,18,0.43,700,,,,86.28,12800,330,,FB歐版,2019/3/15,2019/3/4,,2019/3/22
Hakushu 18-year-old Limited Edition,白州 18年 機場,Hakushu,官方,,18,0.43,700,,,500,91,16700,650,,日本免稅限定,2019/3/15,2019/3/4,,2019/3/22
Hakushu 25-year-old Limited Edition,白州 25年 機場,Hakushu,官方,,25,0.43,700,,,100,92.75,110000,"2,700.00",,日本免稅限定,2019/3/8,2019/3/4,,2019/3/14
Hakushu Sherry Cask 2013,白州 雪莉 2013,Hakushu,官方,,,0.48,700,,,3000,89.81,,"1,350.00","13,200.00",,,2019/3/4,2019/3/19,2019/3/19
Hakushu Sherry Cask 2014,白州 雪莉 2014,Hakushu,官方,,,0.48,700,雪莉,,3000,90.11,55000,"1,150.00",,,2019/2/15,2019/2/4,,2019/3/12
Hanyu 1988 Noh Series,羽生 能 1988,Hanyu,官方,1988,21,0.556,700,西班牙橡木 雪莉 Butt,9306,625,89.88,80000,,,,2019/2/27,2019/2/4,,2019/3/14
Hanyu 1990 Batch 2,羽生 1990 第二版 海浪 #9305,Hanyu,官方,1990,,0.53,700,豬頭 + 雪莉 Butt,9305,200,91.75,58000,"2,000.00",,2009裝瓶,2019/3/15,2018/12/3,,2019/3/22
Hanyu 2000,羽生 2000 帆船,Hanyu,官方,2000,,0.6,700,,955,295,,50500,"1,350.00",,,2018/11/10,2018/11/5,,2019/3/7
Hanyu 2000 Whisky Live Tokyo,羽生 2000 Whisky Live Tokyo,Hanyu,官方,2000,,0.609,700,"日本橡木(二次填充), 豬頭",9510,310,90.75,29300,925,,,2018/11/30,2018/12/3,,2019/3/7
Hibiki 12-year-old,響 12年 霧面開門 舊標,Hibiki,官方,,12,0.43,700,Plum Liqueur Barrels 梅子小桶,,,83.54,7200,260,,"舊標 (""12""位於正中央)",2018/11/8,2019/2/4,,2019/3/8
Hibiki 17-year-old,響 17年 金花,Hibiki,官方,,17,0.43,700,,,,,10630,310,,,,2019/3/4,,2019/3/6
Hibiki 17-year-old,響 17年 霧面開門,Hibiki,官方,,17,0.43,700,,,,92.14,9600,330,,"""17""二字以金色刻印",2019/4/12,2019/3/15,,2019/4/16
Hibiki 17-year-old Kacho Fugetsu ,響 17年 花鳥,Hibiki,Suntory,,17,0.43,700,,,,90.19,26000,"1,050.00",,,2019/3/22,2019/1/7,,2019/3/27
Hibiki 17-year-old Mount Fuji,響17 武藏野富士,Hibiki,官方,,17,0.43,700,,,600,89.22,53000,"1,700.00",,FB私價,2019/3/28,2019/3/4,,2019/3/28
Hibiki 21-year-old,響 21年 金花,Hibiki,官方,,21,0.43,700,,,,,24000,570,,正面黑底/背面金底 (未確認),2019/3/5,2019/1/7,,2019/3/13
Hibiki 21-year-old (Japanese),響 21年 日版,Hibiki,官方,,21,0.43,700,,,,88.75,15100,500,,日版,2019/3/15,2019/3/4,,2019/3/5
Hibiki 21-year-old Kacho Fugetsu -3rd Limited Edition,響 21年 花鳥,Hibiki,官方,,21,0.43,700,,,2000,90.58,18200,575,,第三版,2019/3/15,2019/3/4,,2019/3/5
Hibiki 21-year-old 色繪梅流水文瓶,響 21年 色繪梅流水文瓶,Hibiki,官方,,21,0.43,600,,,500,,,,"10,000.00",日本限定,,,2019/3/19,2019/3/19
Hibiki 30-year-old Kacho Fugetsu,響 30年 花鳥,Hibiki,官方,,30,0.43,700,,,100,93.44,107000,"3,100.00",,,2019/2/22,2019/3/4,,2019/3/13
Hibiki 35-year-old SWh Arita Ceramic Decanter,響 35年 染付牡丹蝶筒形瓶,Hibiki,官方,,35,0.47,700,,,150,,880000,,,FB私價/2016裝瓶,2019/4/13,,,2019/4/15
Hibiki Japanese Harmony - 30th Anniversary,響 2018 限定 30週年,Hibiki,官方,,,0.43,700,,,,89.3,9300,225,,,2018/12/6,2019/3/4,,2019/3/6
Hibiki Japanese Harmony Master's Select,響 車輪,Hibiki,官方,,,0.43,700,,,600,86.15,7200,185,,,2019/3/28,2019/3/4,,2019/4/3
Hibiki Japanese Harmony Master's Select ,響 大師 2018版,Hibiki,Suntory,,,0.43,700,,,,88.43,2600,71,,FB明價/2018版,,2019/3/4,,2019/3/5
Hibiki Suntory Whisky,響 金花金頭響,Hibiki,官方,,,0.43,700,,,,82.22,7800,230,,,,2019/3/4,,2019/3/6
Highland Park 18 3/5-year-old The Lunar Bottling,高原騎士 18 3/5 年,Highland Park,官方,,18,0.451,700,,,500,90.44,,440,"4,300.00",18又五分之三年/2006裝瓶,,2019/1/7,2019/3/19,2019/3/20
Highland Park 1966 DT Rare Auld,高原騎士 1966 40年,Highland Park,官方,1966,40,0.415,700,,11008,139,92.15,,,"17,400.00",,,,2019/3/19,2019/3/20
Highland Park 1968 Orcadian Vintage Series,高原騎士 1968 Orcadian,Highland Park,官方,1968,,0.456,700,,,1550,92.7,,"2,588.00","40,000.00",2009裝瓶,,2018/10/8,2019/3/19,2019/3/20
Highland Park 1970 Orcadian Vintage Series,高原騎士 1970 Orcadian,Highland Park,官方,1970,,0.48,700,,,1800,92.9,,"3,100.00","35,000.00",2010裝瓶,,2018/10/8,2019/3/19,2019/3/20
Highland Park 1971 Orcadian Vintage Series,高原騎士 1971 Orcadian,Highland Park,官方,1971,,0.467,700,17種橡木桶,,657,92.04,,"1,100.00","30,600.00",2011裝瓶,,2019/1/7,2019/3/19,2019/3/19
Highland Park 1973,高原騎士 1973 37年,Highland Park,官方,1973,37,0.506,700,,,,92.08,,"1,200.00","18,500.00",,,2018/10/8,2019/3/19,2019/3/20
Highland Park 1973,高原騎士 1973 37年 船尾 首版,Highland Park,官方,1973,37,0.506,700,,,,92.08,,,,2010裝瓶,,,,2019/3/28
Highland Park 1973 Edition Two,高原騎士 1973 37年 船尾 第二版,Highland Park,官方,1973,,0.449,700,,,,93,,,,2012裝瓶,,,,2019/3/28
Highland Park 1973 Vintage #11167,高原騎士 1973 #11167,Highland Park,官方,1973,28,0.504,700,雪莉,11167,524,90,,875,"12,600.00",,,2018/2/5,2019/3/19,2019/3/20
Highland Park 1976 Orcadian Vintage Series,高原騎士 1976 Orcadian,Highland Park,官方,1976,,0.491,700,13 Butts & 豬頭,,893,92.4,,"3,069.00","31,000.00",2011裝瓶,,2018/10/8,2019/3/19,2019/3/20
Highland Park 1978 DL Old & Rare - The Platinum Selection,高原騎士 1978 DL 33年,Highland Park,官方,1978,33,0.557,700,雪莉,,207,90.65,,,"12,600.00",,,,2019/3/19,2019/3/20
Highland Park 1978 Vintage Collection,高原騎士 1978,Highland Park,官方,1978,33,0.478,700,,,,90.83,,700,"16,300.00",,,2018/9/3,2019/3/19,2019/3/20
Highland Park 1978 Vintage Collection,高原騎士 1978 33年 船頭,Highland Park,官方,1978,33,0.478,700,,,,90.83,,,,2011裝瓶,,,,2019/3/28
Highland Park 1982 SV Vintage Collection,高原騎士 1982 SV #1342,Highland Park,Signatory Vintage,1982,21,0.43,700,,,349,,,,"3,300.00",,,,2019/3/19,2019/3/20
Highland Park 1989 Gordon and MacPhail 29 Year Old,高原騎士 1989 GM 29年,Highland Park,Gordon & MacPhail,1989,29,0.57,700,雪莉(二次充填),Batch 18/084,613,92.34,,385,"4,500.00",,,2019/3/4,2019/3/24,2019/3/25
Highland Park 1991 SMWS 4.237 Essence of Orkney,高原騎士 SMWS 4.237,Highland Park,Scotch Malt Whisky Society,1991,26,0.519,700,美國橡木 前PX雪莉豬頭,,222,90.67,,191,"5,000.00",,,2018/8/6,2019/3/19,2019/3/20
Highland Park 2003 Single Cask Series,高原騎士 2003 單桶 #6311,Highland Park,官方,2003,14,0.606,700,Puncheon (二次填充),6311,510,88,5500,95,,FB明價,2019/3/2,2019/1/7,,2019/3/5
Highland Park 2004 Single Cask Series,高原騎士 2004 單桶 #5685,Highland Park,官方,2004,13,0.657,700,,5685,531,,6000,231,,FB私價/台灣免稅限定,2019/2/23,2019/3/4,,2019/3/23
Highland Park 2004 SMWS 4.249 The mermaid's marmalade,高原騎士 2004 SMWS 4.249,Highland Park,Scotch Malt Whisky Society,2004,13,0.646,700,前 Oloroso 雪莉 Butt(二次充填),,592,88.1,4200,66,,,2019/3/7,2019/3/4,,2019/3/14
Highland Park 21-year-old,高原騎士 21年,Highland Park,官方,,21,0.475,700,,,,89.07,,196,"2,000.00",2007裝瓶,,2019/3/4,2019/3/24,2019/3/25
Highland Park 25-year-old,高原騎士 25年 木盒,Highland Park,官方,,25,0.457,700,前波本 & 雪莉(一次充填),,,90.75,11900,280,,,2018/12/27,2019/3/4,,2019/3/6
Highland Park 25-year-old,高原騎士 25年 舊包裝 黑盒,Highland Park,官方,,25,0.481,700,,,,90.91,13100,460,,,2018/10/15,2019/1/7,,2019/3/7
Highland Park 25-year-old 2000,高原騎士 25年 2000,Highland Park,官方,,25,0.515,700,,,,91.58,,,"8,600.00",2000裝瓶,,,2019/3/19,2019/3/20
Highland Park 30-year-old 2005,高原騎士 30年 2005,Highland Park,官方,,30,0.481,700,,,,91.59,,420,"11,400.00",2005裝瓶,,2019/2/4,2019/3/19,2019/3/20
Highland Park 40-year-old,高原騎士 40年,Highland Park,官方,,40,0.483,700,,,,93.81,86000,,,FB私價/2008裝瓶,2019/3/26,,,2019/3/26
Highland Park Earl Haakon Inga Saga Trilogy - Edition Three ,高原騎士 Earl Haakon,Highland Park,官方,1993,18,0.549,700,,,3300,90.17,,310,"4,800.00",第三版,,2019/2/4,2019/3/19,2019/3/20
Highland Park Earl Magnus Inga Saga Trilogy - Edition One,高原騎士 Earl Magnus,Highland Park,官方,1994,15,0.526,700,美國橡木,,5976,88.6,,240,"5,000.00",首版,,2019/3/4,2019/3/19,2019/3/20
Highland Park Freya Valhalla Collection,高原騎士 Valhalla 芙蕾雅,Highland Park,官方,,15,0.512,700,波本(一次充填),,19000,86.29,13500,300,,FB私價/2014裝瓶,2019/2/24,2019/3/4,,2019/3/23
Highland Park Sigurd The Warrior Series,高原騎士 神劍,Highland Park,官方,,,0.43,700,美國 歐洲橡木 雪莉,,,84.15,4500,111,,FB私價,2019/3/14,2019/3/4,,2019/3/23
Karuizawa 1972 Single Cask - Number One Drinks Company,輕井澤 1972 一番 #7290,Karuizawa,官方,,36,0.65,700,雪莉,7290,528,91.85,186777,"3,658.00",,MMA2008金牌,2018/12/19,2018/10/8,,2019/3/6
Karuizawa 1972 Single Cask - Number One Drinks Company ,輕井澤 1972 一番 #7038,Karuizawa,官方,,39,0.633,700,雪莉 Butt,7038,523,91.82,201000,"4,000.00",,,2018/12/29,2019/3/4,,2019/3/16
Karuizawa 1975,輕井澤 1975 40年 一生懸命,Karuizawa,官方,1975,40,0.569,700,雪莉,6890,199,95.33,397000,,,台灣限定,2019/1/1,,,2019/3/8
Karuizawa 1975 Vintage - Single Cask Malt Whisky,輕井澤 圈圈標 1975 #6736,Karuizawa,官方,1975,35,0.618,700,雪莉,6736,,91.86,193000,"3,100.00",,法國限定,2019/3/24,2018/9/3,,2019/3/27
Karuizawa 1978 Vintage - Single Cask Malt Whisky,輕井澤 圈圈標 1978 #8383,Karuizawa,官方,1978,35,0.63,700,前波本,8383,405,91.46,125555,"8,000.00",,法國限定,2019/2/12,2019/1/7,,2019/3/12
Karuizawa 1979 Vintage - Single Cask Malt Whisky,輕井澤 圈圈標 1979 #7752,Karuizawa,官方,1979,33,0.599,700,雪莉 Butt,752,,91.68,,"2,625.00","41,288.00",,,2018/7/2,2019/3/19,2019/3/19
Karuizawa 1979 Vintage - Single Cask Malt Whisky,輕井澤 圈圈標 1979 #8187,Karuizawa,官方,1979,35,0.588,700,前波本,8187,350,91.52,125555,"2,800.00",,法國限定,2019/2/12,2018/9/3,,2019/3/12
Karuizawa 1980 Artifices Serie,輕井澤 1980 藝術標 #6476,Karuizawa,官方,1980,,0.63,700,前波本 Barrel,6476,370,91.87,125500,"2,550.00",,法國限定,2019/2/12,2019/3/4,,2019/3/12
Karuizawa 1981 Fire Dragon,輕井澤 百年火龍,Karuizawa,官方,1981,30,0.538,700,雪莉,6370,378,91.45,168000,"3,250.00",,FB明價/台灣建國百年限定,2019/2/25,2017/4/17,,2019/3/14
Karuizawa 1981 Prendre le rythme,輕井澤 1981 藝術標 Prendre le rythme #78,Karuizawa,官方,1981,31,0.605,700,雪利 Butt,78,375,91.67,125555,"3,000.00",,法國限定,2019/2/12,2019/1/7,,2019/3/12
Karuizawa 1981 Single Cask #6412,輕井澤 1981 雷射雕刻雪景 35年 #6412,Karuizawa,官方,1981,35,0.577,700,,6412,505,,220000,,,美國3D藝術家 Fazzino 雷射雕刻日本雪景,2019/3/11,,,2019/3/14
Karuizawa 1981 Vintage - Single Cask Malt Whisky,輕井澤 圈圈標 1981 #103,Karuizawa,官方,1981,26,0.581,700,,,,90.92,130000,"1,800.00",,,2019/2/16,2018/6/4,,2019/3/12
Karuizawa 1981 Vintage - Single Cask Malt Whisky,輕井澤 圈圈標 1981 #152,Karuizawa,官方,1981,33,0.545,700,前雪莉,152,566,91.81,124000,"2,360.00",,法國限定,2019/2/16,2018/9/3,,2019/3/12
Karuizawa 1982 Geisha Label #2748,輕井澤 1982 藝妓 #2748,Karuizawa,官方,1982,27,0.561,700,雪莉(一次充填),2748,,90.84,85000,"2,200.00",,The Whisky Exchange Online 十週年,2018/6/18,2017/4/17,,2019/3/7
Karuizawa 1982 Vintage - Single Cask Malt Whisky,輕井澤 圈圈標 1982 #2279,Karuizawa,官方,1982,,0.581,700,雪莉,2279,,90.38,138000,"3,100.00",,FB明價,2019/2/25,2018/9/3,,2019/3/14
Karuizawa 1983 Noh Whisky,輕井澤 1983 能,Karuizawa,官方,1983,29,0.594,700,波本,5322,205,90.53,130200,"2,102.00",,法國限定,2019/3/5,2017/7/3,,2019/3/13
Karuizawa 1990 Geisha Label,輕井澤 1990 地圖 藝妓,Karuizawa,官方,1990,,0.561,700,雪莉(一次充填),679,433,90.9,80500,"1,700.00",,英國限定/2012裝瓶,2019/2/27,2018/10/8,,2019/3/14
Karuizawa 1991 SMWS 132.2 Stunning panorama of exotic fruits,輕井澤 1991 SMWS 132.2,Karuizawa,Scotch Malt Whisky Society,1991,22,0.624,700,前雪莉 Butt(二次充填),,335,90.15,,"2,000.00","20,000.00",,,2019/3/4,2019/3/19,2019/3/20
Karuizawa 1997 Rare Vintage,輕井澤 1997 Rare Vintage ,Karuizawa,官方,1997,16,0.62,700,,,,,45100,735,,,2019/3/5,2017/6/5,,2019/3/13
Karuizawa 1999 Memories of Karuizawa no 4,輕井澤 1999 14年 #855,Karuizawa,官方,1999,14,0.57,700,雪莉,855,,,41000,900,,,2019/3/5,2017/7/3,,2019/3/13
Karuizawa 1999/2000 Asama,輕井澤 1999/2000 Asama,Karuizawa,官方,1999/2000,,0.46,700,歐洲橡木 雪莉,,,,16800,700,,2012裝瓶,2019/3/6,2019/3/4,,2019/3/16
Karuizawa 1999-2000 Vintages Fugaku Sanjurokkei - 1st Release,輕井澤 海浪 首版,Karuizawa,官方,,,0.61,700,,,,89.17,40500,"1,251.00","11,600.00",Fugaku Sanjurokkei =嶽三十六景,2018/12/15,2018/9/3,2019/3/19,2019/3/19
Karuizawa 1999-2000 Vintages Fugaku Sanjurokkei - 3rd Release,輕井澤 1999-2000 富嶽三十六景 第三版 相州七里濱,Karuizawa,官方,1999-2000,,0.605,700,,,,89.25,35500,"1,150.00",,日本限定/2015裝瓶,2019/2/20,2019/2/4,,2019/3/22
Karuizawa 2000 Geisha Label,輕井澤 2000 藝妓 七福神之布袋,Karuizawa,官方,2000,,0.615,700,雪莉,125,,,44000,"1,700.00",,,,2019/3/4,,2019/3/5
Karuizawa 2000 SMWS 132.6 Nite Nurse nipped by piranhas,輕井澤 2000 SMWS 132.6,Karuizawa,Scotch Malt Whisky Society,2000,12,0.63,700,雪莉 Butt(二次充填),,553,88.09,,"1,000.00","11,200.00",,,2018/8/6,2019/3/19,2019/3/20
Karuizawa 30-year-old Geisha Label #3619,輕井澤 30年 藝妓 #3619,Karuizawa,官方,,30,0.606,700,,3619,282,,188000,"3,500.00",,FB明價,,2018/4/2,,2019/3/5
Karuizawa 30-year-old Samurai Label,輕井澤 30年 侍 #4201,Karuizawa,官方,,30,0.574,700,雪莉 Butt,4201,358,90.75,,"3,200.00","34,000.00",,,2019/2/4,2019/3/19,2019/3/19
Karuizawa 30-year-old Samurai Label,輕井澤 30年 侍 #6432,Karuizawa,官方,,30,0.632,700,波本,6432,404,90.78,,"4,000.00","35,000.00",,,2018/12/3,2019/3/19,2019/3/19
Karuizawa 35 Year Old Single Cask #6809,輕井澤 宮島辯才天,Karuizawa,官方,,35,,,,6809,,,200000,,,FB私價,2019/3/13,,,2019/3/23
Karuizawa 40-year-old Aqua of Life,輕井澤 白命之水 40年,Karuizawa,官方,,40,0.574,750,雪莉 Butt,6114,309,,160200,"4,700.00",,2014裝瓶/台灣限定,2019/3/5,2017/9/4,,2019/3/13
Karuizawa Battle of Kawanakajima,輕井澤 川中島 單開全景,Karuizawa,官方,1981,35,0.573,700,雪莉,226,102,,220000,"4,600.00",,,2019/2/16,2018/11/5,,2019/3/12
Karuizawa Distillery Moon Above Daimotsu Bay,輕井澤 大物海上月,Karuizawa,官方,1980,35,0.571,700,波本,8283,401,,178000,"5,700.00",,,2019/2/16,2019/3/4,,2019/3/12
Karuizawa Spirit of Asama,輕井澤 淺間魂,Karuizawa,官方,,,0.55,700,,,,87.3,30000,700,,英國限定/2012裝瓶,2019/3/5,2019/3/4,,2019/3/13
Karuizawa The Dragon with Eight Head,輕井澤 八頭龍,Karuizawa,官方,1981,35,0.544,700,雪莉,171,530,,188000,"4,550.00",,,2019/2/19,2019/3/4,,2019/3/13
Kawasaki 1982 Whisky Live Tokyo,川崎 1982 Whisky Live Tokyo,Kawasaki,官方,1982,,0.655,700,雪莉,7414,674,90.48,29400,"1,050.00",,,2018/11/30,2019/2/4,,2019/3/7
Kilchoman 2008 Feis Ile 2012 Release,齊侯門 2008 Feis Ile 2012,Kilchoman,官方,2008,4,0.585,700,前波本 & Oloroso 雪莉,,,86.07,,110,"2,700.00",,,2018/6/4,2019/3/19,2019/3/20
Kiyosato Field Ballet 26th Anniversary,清里芭蕾舞團 26周年紀念 羽生X川崎,Hanyu & Kawasaki,官方,,25,0.48,700,,,700,91.57,51000,"1,000.00",,調和威士忌 羽生1990(25年原酒)+ 川崎1982(33年原酒),2018/8/24,2019/3/4,,2019/3/11
Komagatake 2015 Single Cask,駒之越 鬼系列 2015 3年 原酒,Komagatake,官方,2015,3,0.6,700,波本,5141,200,88.67,24500,,,FB私價/日本限定,2019/3/30,,,2019/4/2
Lagavulin 09-year-old - House Lannister Game of Thrones ,拉加維林 9年 權力遊戲 蘭尼斯特家族,Lagavulin,官方,,9,0.46,700,前波本,,,87.05,3000,70,,FB兩瓶5999,2019/3/6,2019/3/4,,2019/3/14
"Lagavulin 16-year-old White Horse Distillers, Gold Text",拉加維林 16年 白馬 金字,Lagavulin,官方,,16,0.43,700,,,,90.56,,185,"3,500.00",,,2019/1/7,2019/3/19,2019/3/19
Lagavulin 1991 Feis Ile 2015,拉加維林 1991 Feis Ile 2015,Lagavulin,官方,1991,24,0.599,700,"美國橡木, PX 雪莉 Puncheon",,3500,91.67,19400,490,,FB拍賣前後標稍微浮起、封鉛微掉漆,2019/3/6,2019/3/4,,2019/3/14
Lagavulin 2001 Distillers Edition,拉加維林 2001 酒廠限定,Lagavulin,官方,2001,,0.43,700,PX雪莉,,,90,,85,"1,050.00",酒標4/506 / 2017裝瓶 ,,2019/3/4,2019/3/24,2019/3/25
Laphroaig 10-year-old,拉佛格 10年 白底 新標,Laphroaig,官方,,,0.4,700,,,,85.94,1200,30,,新標,2018/10/15,2019/3/4,,2019/3/7
Laphroaig 16-year-old SMWS 29.193,拉佛格 16年 SMWS 29.193,Laphroaig,Scotch Malt Whisky Society,,16,0.593,700,前波本(二次充填),,,,5000,103,,台灣限定/SMWS台灣10週年,2018/12/25,2017/5/8,,2019/3/6
Laphroaig 18-year-old,拉佛格 18年 綠盒綠底,Laphroaig,官方,,18,0.48,700,,,,88.57,4700,120,,舊標,2018/10/15,2019/3/4,,2019/3/7
Laphroaig 1987 Vintage,拉佛格 1987,Laphroaig,官方,1987,19,0.534,700,豬頭(一次充填),,1387,90.78,,525,"6,800.00",法國限定,,2017/7/3,2019/3/19,2019/3/20
Laphroaig 1989 Highgrove Edition,拉佛格 1989 Highgrove,Laphroaig,官方,1989,,0.43,700,,,,88.59,,205,"4,500.00",,,2018/10/8,2019/3/19,2019/3/19
Laphroaig 1989 SMWS 29.68 A match made in heaven,拉佛格 1989 SMWS 29.68,Laphroaig,Scotch Malt Whisky Society,1989,18,0.54,750,Butt(二次充填),,499,,,,"5,300.00",,,,2019/3/19,2019/3/20
Laphroaig 1995 SMWS 29.235 Atavistic home-coming,拉佛格 1995 SMWS 29.235,Laphroaig,Scotch Malt Whisky Society,1995,22,0.568,700,前波本 Barrel(二次充填),,201,,,,"3,000.00",,,,2019/3/19,2019/3/20
Laphroaig 1998 SMWS 29.100 A league of its own,拉佛格 1998 SMWS 29.100,Laphroaig,Scotch Malt Whisky Society,1998,12,0.585,750,豬頭(二次充填),,,,15000,,,,2019/3/4,,,2019/3/13
Laphroaig 2005 Limited Edition Release,拉佛格 2005 12年 限量,Laphroaig,官方,2005,12,0.553,700,,,340,92.83,,,"6,800.00",2017裝瓶,,,2019/3/19,2019/3/19
Laphroaig 25-year-old,拉佛格 25年,Laphroaig,官方,,25,0.4,700,,2500,,86.92,9900,370,,公司貨2盒19800,2018/9/19,2018/10/8,,2019/3/7
Laphroaig 25-year-old Cask Strength Edition,拉佛格 25年 原酒,Laphroaig,官方,,25,0.51,700,,,,,18000,,,2009裝瓶,2019/3/26,,,2019/3/27
Laphroaig 25-year-old Cask Strength Edition,拉佛格 25年 原酒,Laphroaig,官方,,25,0.451,700,波本 & 雪莉 Barrels,,,90.88,9600,210,,FB拍價外盒小傷/2014版,2018/12/27,2018/3/5,,2019/3/6
Laphroaig Cairdeas 2014,拉佛格 Cairdeas (拉佛格之友) 2014,Laphroaig,官方,,,0.514,700,,,,,6800,190,,FB明價/2014版,2019/2/18,2019/3/4,,2019/3/13
Laphroaig Cask Strength Batch #001,拉佛格 10年 原酒 #001版,Laphroaig,官方,,10,0.578,700,,,,89.13,,,"3,600.00",Batch #001/2009裝瓶,,,2019/3/19,2019/3/19
Laphroaig Original Cask Strength Red Stripe,拉佛格 10年 原酒 紅標 綠盒,Laphroaig,官方,,10,0.557,700,,,,89.76,7200,230,"2,600.00",,2018/3/14,2019/3/4,2019/3/24,2019/3/25
Laphroaig Quarter Cask,拉佛格 1/4桶,Laphroaig,官方,,,0.48,700,,,,,1111,30,,,2018/10/15,2019/3/4,,2019/3/7
Linkwood 1984 GM Connoisseurs Choice - Cask Strength,林肯伍德 1984 GM 原酒,Linkwood,Gordon & MacPhail,1984,34,0.581,700,雪莉 Butt(一次充填),18/064,481,93.03,19000,,,FB私價,2019/2/25,,,2019/3/13
Linkwood 1989 SMWS 39.160 Will brighten your day!,林肯伍德 1989 SMWS 39.160,Linkwood,Scotch Malt Whisky Society,1989,28,0.484,700,前波本豬頭(二次充填),,239,87.25,,,"3,700.00",,,,2019/3/19,2019/3/20
Littlemill 1965 SV Silent Stills,小磨坊 1965 SV,Littlemill,Signatory Vintage,1965,31,0.465,700,,5273,180,90,,681,"7,700.00",,,2018/10/8,2019/3/19,2019/3/19
Littlemill 1988 MoS,小磨坊 1988 MoS,Littlemill,Malts of Scotland,1988,24,0.521,700,雪莉豬頭,MoS 12028,125,88.47,,,,,,,,2019/3/30
Littlemill 1992 Private Botteling,小磨坊 1992 20年 #503,Littlemill,官方,1992,20,0.58,700,,503,,,10100,,,Andy Bailey 包桶,2018/12/7,,,2019/3/8
Longmorn 1992 SMWS 7.204 Wined and dined,朗摩 1992 SMWS 7.204,Longmorn,Scotch Malt Whisky Society,1992,25,0.495,700,前紅酒 Barrique桶,,192,,8500,,,,2019/3/14,,,2019/3/22
Longmorn 2007 SMWS 7.201 Swimming in trifle,朗摩 2007 SMWS 7.201,Longmorn,Scotch Malt Whisky Society,2007,10,0.576,700,前雪莉 Butt(二次充填),,546,87.53,3700,,,,2019/3/7,,,2019/3/14
Longrow 1997 Burgundy Wood,朗格羅 1997 14年 勃根地,Springbank,官方,1997,14,0.561,700,波本 & 勃根地,,7800,87.07,7000,115,,FB私價,2019/2/25,2018/3/5,,2019/3/23
Macallan 10-year-old Cask Strength,麥卡倫 M10 正體 原酒 59.3% 1000ML 第五版,Macallan,官方,,10,0.593,"1,000",雪莉,,,87.58,26100,,,,2019/3/19,,,2019/3/14
Macallan 10-year-old Cask Strength,麥卡倫 M10 草寫 原酒 58.8% 1000ML,Macallan,官方,,10,0.588,"1,000",雪莉,,2000,89.75,,725,"9,500.00",,,2019/3/4,2019/3/19,2019/3/19
Macallan 1949 SV Vintage Collection - Dumpy,麥卡倫 1949 SV ,Macallan,官方,1949,40,0.379,750,橡木,852+855,280,92.6,,"2,300.00","39,500.00",,,2018/1/8,2019/3/19,2019/3/19
Macallan 1969 DT Rare Auld,麥卡倫 1969 鄧肯泰勒,Macallan,Duncan Taylor,1969,37,0.446,700,橡木,8373,180,,168000,"1,000.00",,FB明價,2019/2/25,2019/1/7,,2019/3/14
Macallan 25-year-old,麥卡倫 25年 草寫 紅木盒,Macallan,官方,,25,0.43,700,,,,91.64,58888,,,,2019/3/14,,,2019/3/22
Macallan 25-year-old Sherry Oak,麥卡倫 25年 新版 2018,Macallan,官方,,25,0.43,700,雪莉,,,91.2,49500,"1,100.00",,FB拍賣公司貨,2019/3/7,2019/3/4,,2019/3/14
Macallan 30-year-old Sherry Oak,麥卡倫 30年 雪莉,Macallan,官方,,30,0.43,700,雪莉,,,93.61,212100,"5,600.00",,藍盒、全藍底,2019/3/19,2019/2/4,,2019/3/22
Macallan 40-year-old,麥卡倫 40年 2017版,Macallan,官方,,40,0.44,700,雪莉,,,92,748000,"17,000.00",,FB私價,2019/2/24,2019/3/4,,2019/3/14
Macallan 8 Decades Sir Peter Blake,麥卡倫 彼得布萊克爵士 80年旅程紀念酒盒,Macallan,官方,,,,,,,,,287888,"3,600.00",,,2019/2/12,2015/3/2,,2019/3/12
Macallan Folio 1 The Archival Series,麥卡倫 書冊1,Macallan,官方,,,0.43,700,雪莉,,2000,84.73,88500,"1,700.00",,,2019/2/20,2019/3/4,,2019/3/13
Macallan Folio 2 The Archival Series,麥卡倫 書冊2,Macallan,官方,,,0.43,700,雪莉,,2500,89.45,42000,875,,,2019/4/16,2019/3/4,,2019/4/18
Macallan Folio 3 The Archival Series,麥卡倫 書冊3,Macallan,官方,,,0.43,700,雪莉,,,86.12,44400,"1,100.00",,,2019/4/16,2019/3/4,,2019/4/18
Macallan M Decanter 1824 Masters Series,麥卡倫 M 萊儷水晶,Macallan,官方,,,0.447,700,,,1750,92,,,"30,100.00",FB私價/2013釋出/亞洲獨賣/萊儷水晶合作,2019/3/30,2019/2/4,2019/3/19,2019/3/19
Miyagikyo 12-year-old Sherry & Sweet,宮城峽 12年 SS,Miyagikyo,官方,,12,0.55,500,雪莉,,,,7600,140,"3,300.00",日本限定,2019/2/13,2018/5/7,2019/3/19,2019/3/19
Miyagikyo 12-year-old Single Malt,宮城峽 12年,Miyagikyo,官方,,12,0.45,700,,,,84.4,9000,190,,歐版,2018/12/10,2019/3/4,,2019/3/6
Miyagikyo 15-year-old,宮城峽 15年,Miyagikyo,官方,,15,0.45,700,,,,86.28,10900,380,"3,780.00",陸拍裸瓶,2018/12/5,2018/12/3,2019/3/24,2019/3/7
Miyagikyo 1996 SMWS 124.4 Full of secret pleasures,宮城峽 1996 SMWS 124.4,Miyagikyo,Scotch Malt Whisky Society,1996,17,0.6,700,PX雪莉 Butts(一次充填),,479,90.67,60000,235,,,2019/3/14,2015/6/1,,2019/3/22
Miyagikyo Bourbon Wood Finish,宮城峽 波本,Miyagikyo,官方,,,,,,,1926,85.67,6000,170,,LMDW精選,,2019/3/4,,2019/3/6
Miyagikyo Rum Wood Finish,宮城峽 蘭姆,Miyagikyo,官方,,,0.46,700,,,3500,89,6000,205,,歐拍雙入410英鎊,,2019/2/4,,2019/3/6
Mortlach 1972 Rare Malts Selection,幕赫 1972 23年,Mortlach,官方,1972,23,0.594,750,,,,92.52,,605,"10,100.00",南非限定,,2019/1/7,2019/3/19,2019/3/19
Mortlach 1980 Flora & Fauna - Cask Strength,幕赫 1980 花鳥,Mortlach,官方,1980,,0.631,700,,,,91.23,,678,"9,800.00",1997裝瓶,,2018/10/8,2019/3/19,2019/3/19
Mortlach 1993 AD Limited,幕赫 1993 艾德菲爾 限量,Mortlach,Adelphi,1993,25,,700,雪莉(二次充填),,,,10600,211,,未確認為56.1%版 or 56%版,2019/2/25,2019/3/4,,2019/3/13
Mortlach 20-year-old Cowie's Blue Seal,慕赫 20年 2018,Mortlach,官方,,20,0.434,700,前雪莉,,,85.91,5750,185,,FB私價/2018裝瓶,2019/2/24,2019/2/4,,2019/3/23
Old Pulteney 1989 Limited Edition - Lightly Peated,富特尼 1989 輕泥煤,Old Pulteney,官方,1989,,0.46,700,,,,88.43,,310,"4,200.00",2015裝瓶,,2019/3/4,2019/3/19,2019/3/20
Port Ellen 1979 GoW Whisky Live - Tel-Aviv,波特艾倫 1979 GoW 37年 Whisky Live,Port Ellen,官方,1979,37,0.448,700,"雪莉, 豬頭",,241,90.77,41000,"1,056.00",,,2018/12/25,2018/2/4,,2019/3/6
Port Ellen 1980 SV Vintage Collection - Dumpy,波特艾倫 1980 SV,Port Ellen,Signatory Vintage,1980,17,0.595,700,橡木,89/589/38,330,89,21600,,,FB拍賣無盒酒標髒污/未確認SV or DM 裝瓶,2019/3/4,,,2019/3/13
Rosebank 1965 SV 28 Year Old,玫瑰河畔 1965 28年,Rosebank,官方,1965,28,0.534,700,雪莉,2498,180,92,,,,,,,,2019/3/4
Rosebank 1981 Rare Malts 22 Year Old,玫瑰河畔 1981 22年,Rosebank,官方,1981,22,0.611,700,,,,89.34,,650,,,,2019/3/4,,2019/3/4
Rosebank 1990 Special Release 2011,玫瑰河畔 1990 21年,Rosebank,官方,1990,21,0.538,750,美國 & 歐洲 橡木桶 (二次充填),,5886,87.94,,385,,,,2017/12/4,,2019/3/4
Rosebank 21-year-old SMS The Roses - Edition 3,玫瑰河畔 玫瑰系列 第三版 嫉妒,Rosebank,Speciality Drinks Ltd,,21,0.525,700,,,695,93.13,42900,"1,150.00",,,2019/4/22,2019/3/4,,2019/4/23
Rosebank 25-year-old Special Release,玫瑰河畔 25年 特別版,Rosebank,官方,1981,25,0.614,700,,,,91.52,72500,"1,150.00","14,800.00",FB私價,2019/4/18,2019/2/4,2019/3/19,2019/4/18
Royal Brackla 1997 SMWS 55.48 Gooey goodness,皇家柏克萊 1997 SMWS 55.48,Royal Brackla,Scotch Malt Whisky Society,1997,19,0.565,700,前PX雪莉 豬頭(一次充填),,270,85.13,4800,,,,2019/3/15,,,2019/3/22
Speyburn 1971 GM Connoisseurs Choice,詩貝 1971 GM,Speyburn,Gordon & MacPhail,1971,13,0.4,750,,,,84,,281,"4,000.00",,,2019/2/4,2019/3/19,2019/3/20
Springbank 100 Proof,雲頂 10年 100 Proof,Springbank,官方,,10,0.57,700,,,,86.87,,92,"1,800.00",2006裝瓶,,2018/11/5,2019/3/24,2019/3/25
Springbank 13-year-old Green ,雲頂 13年 Green,Springbank,官方,,13,0.46,700,雪莉,,9000,86.12,3650,80,,FB私價,2019/2/25,2019/2/4,,2019/3/23
Springbank 14-year-old Bourbon Wood,雲頂 14年 波本,Springbank,官方,2002,14,0.558,700,波本 Barrels(二次充填),,9000,87.86,4500,65,,FB私價/2017裝瓶,2019/2/25,2019/3/4,,2019/3/23
Springbank 17-year-old Sherry Wood,雲頂 17年 雪莉,Springbank,官方,1997,17,0.523,700,"雪莉 Butts, 豬頭(二次充填)",,9120,88.1,7500,101,,FB私價/2015裝瓶,2019/2/25,2019/3/4,,2019/3/23
Springbank 18-year-old First Batch,雲頂 18年 舊版 First Batch,Springbank,官方,,18,0.46,700,,,7800,88.78,,130,"2,000.00",2009裝瓶,,2019/2/4,2019/3/24,2019/3/25
Springbank 1967 CA Chairman's Stock,雲頂 1967 Cadenhead,Springbank,Cadenhead,1967,32,0.446,700,雪莉,,228,92.5,,,"19,000.00",,,,2019/3/19,2019/3/19
Springbank 1995 Society Bottling,雲頂 1995 8年 會員限定,Springbank,官方,1995,8,0.56,700,雪莉 豬頭,,306,87.36,,,"4,300.00",,,,2019/3/19,2019/3/19
Springbank 2001 Open Day 2017,雲頂 Open Day 2017,Springbank,官方,2001,15,0.5,700,"瓜德羅普(
Guadeloupe)蘭姆橡木",,218,88.28,,,"4,800.00",雲頂 Open Day 2017,,,2019/3/19,2019/3/20
Springbank 21-year-old Black Ceramic Jug,雲頂 21年 黑瓷瓶,Springbank,官方,,21,0.43,700,,,,89.09,,370,"5,300.00",,,2019/1/7,2019/3/19,2019/3/19
Springbank 21-year-old Open Day Bottling 2014,雲頂 Open Day 2014,Springbank,官方,1992,21,0.46,700,蘭姆,,174,91.21,,,"5,600.00",雲頂 Open Day 2014,,,2019/3/19,2019/3/20
Springbank 21-year-old Open Day Bottling 2015,雲頂 Open Day 2015,Springbank,官方,1993,21,0.46,700,Claret(二次充填),,264,89.57,,320,"4,700.00",雲頂 Open Day 2015,,2018/6/4,2019/3/19,2019/3/20
Springbank 22-year-old Society Bottling,雲頂 22年 會員限定,Springbank,官方,,22,0.46,700,波本,,170,90.33,,,"6,500.00",,,,2019/3/19,2019/3/19
Springbank 50-year-old Pear Shape bottle - GL 32.3 GRADI,雲頂 50年,Springbank,官方,1919,50,0.43,750,,,,,520000,,,義大利版/FB私價,2019/4/2,,,2019/4/10
Suntory Blended Whisky - Mizunara,三得利 水楢,,官方,,,0.43,700,,,,92.26,65000,,,日本限定/調和威士忌,2019/2/20,,,2019/3/14
Suntory Blended Whisky - Wa-kyo,三得利 和馨,"Yamazaki, Chita",官方,,,0.43,700,,,539,89.8,62000,487,,日本限定/調和威士忌,2019/2/20,2018/2/5,,2019/3/14
Suntory The Peninsula Tokyo,三得利 東京半島酒店30年紀念,"Yamazaki, Hakushu, Chita",官方,,,0.43,700,雪莉,,450,91.8,72300,"2,200.00",,日本限定/2014裝瓶,2019/3/9,2019/1/7,,2019/3/22
Taketsuru 17-year-old Pure Malt,竹鶴 17年,Taketsuru,官方,,17,0.43,700,,,,85.33,5200,140,,"FB公司貨/""17""位於左側",2019/3/15,2019/3/4,,2019/3/22
Taketsuru 17-year-old Pure Malt / Wooden Presentation,竹鶴 17年 木盒版,Taketsuru,官方,,17,0.43,700,,,,90.42,6800,140,,,2018/10/14,2019/3/4,,2019/3/6
Taketsuru 21-year-old Pure Malt,竹鶴 21年 日版,Taketsuru,官方,,21,0.43,700,,,,,8000,220,"3,100.00","FB日版/""21""位於左側",2019/3/15,2019/3/4,2019/3/24,2019/3/22
Taketsuru 25-year-old Pure Malt,竹鶴 25年 木盒,Taketsuru,官方,,25,0.43,700,,,,,34700,975,,,2019/2/14,2019/3/4,,2019/3/12
Talisker 10-year-old,泰斯卡 10年 地圖標 1000ML,Talisker,官方,,10,0.458,"1,000",,,,87.89,,200,"3,000.00",,,2018/8/6,2019/3/19,2019/3/19
Talisker 1977 Cask Strength 35 Year Old,泰斯卡 1977 35年,Talisker,官方,1977,35,0.546,700,,,3090,93.17,,875,,,,2019/1/7,,2019/3/4
Talisker 1978 The Bodega Series,泰斯卡 1978 40年,Talisker,官方,1978,40,0.5,700,Amontillado 雪莉,,2000,91.39,93800,"1,850.00",,FB私價,2019/4/8,2018/11/5,,2019/4/10
Talisker 25-year-old,泰斯卡 25年 2013,Talisker,官方,,25,0.458,700,,,5772,88.66,,160,"2,000.00",2013裝瓶,,2017/1/2,2019/3/24,2019/3/25
Talisker 30-year-old,泰斯卡 30年 2008,Talisker,官方,,30,0.495,700,,,2970,91.34,,410,"5,200.00",2008裝瓶,,2018/5/7,2019/3/24,2019/3/25
Talisker 30-year-old 2010,泰斯卡 30年 2010,Talisker,官方,,30,0.573,700,美國 & 歐洲 橡木桶,,2958,91.78,17000,320,,2010版,2018/9/12,2017/12/4,,2019/3/11
Talisker 30-year-old 2017,泰斯卡 30年 2017,Talisker,官方,,30,0.458,750,波本 & 雪莉,9078,,,13000,270,,美國限定/2017裝瓶,2019/3/8,2018/12/3,,2019/3/14
Talisker 35-year-old Limited Edition,泰斯卡 35年 限量,Talisker,官方,1977,35,0.546,700,,,3090,93.16,48000,,,FB私價,2019/4/2,,,2019/4/6
Talisker Select Reserve - House Greyjoy Game of Thrones,泰斯卡 權力遊戲 葛雷喬伊家族,Talisker,官方,,,0.458,700,,,,,2688,130,,,2019/3/21,2019/3/4,,2019/3/22
Teaninich 1971 GM Connoisseurs Choice,提安尼涅克 1971 GM,Teaninich,Gordon & MacPhail,1971,15,0.4,750,,,,,,310,"4,500.00",,,2018/11/5,2019/3/19,2019/3/20
The Singleton of Glen Ord Limited Edition Natural Cask Strength - 1st Release,蘇格登 Glen Ord 酒廠 限量,Singleton,官方,,,0.581,700,,,1920,,4000,,,第一版,,,,2019/3/7
Yamazaki 10-year-old,山崎 10年 白盒,Yamazaki,官方,,10,0.4,700,,,,81.52,5900,200,,,2018/11/8,2019/3/4,,2019/3/8
Yamazaki 10-year-old Suntory Pure Malt Whisky,山崎 10年 金花 綠標,Yamazaki,官方,,10,0.4,700,,,,89,10500,230,,,2019/4/17,2019/1/7,,2019/4/18
Yamazaki 12-year-old,山崎 12年,Yamazaki,官方,,12,0.43,700,美國 & 西班牙 & 日本橡木,,,85.83,4300,105,,,2018/12/25,2019/3/4,,2019/3/6
Yamazaki 12-year-old,山崎 12年 白盒 有框 金花頭,Yamazaki,官方,,12,0.43,700,,,,84.28,5000,105,,,2018/11/8,2019/3/4,,2019/3/8
Yamazaki 12-year-old Single Malt Japanese Whisky,山崎 12年 黑盒,Yamazaki,官方,,12,0.43,700,,,,86.2,4600,115,,,2018/10/28,2019/3/4,,2019/3/6
Yamazaki 12-year-old Suntory Pure Malt Whisky,山崎 12年 金花 黃盒,Yamazaki,官方,,12,0.43,750,,,,,7000,150,,,,2019/1/7,,2019/3/6
Yamazaki 12-year-old Suntory Pure Malt Whisky,山崎 12年 金獅 木盒,Yamazaki,官方,,,0.43,760,,,,88.6,16600,330,,,2019/4/17,2019/1/7,,2019/4/18
Yamazaki 12-year-old Watami President Choice,山崎 12年 渡邊美樹選桶,Yamazaki,官方,,12,0.43,660,雪莉,,,87,7000,260,,出場即裸瓶,2019/3/30,2019/1/7,,2019/4/2
Yamazaki 18-year-old,山崎 18年 日版 黑盒,Yamazaki,官方,,18,0.43,700,"雪莉, 波本, 水楢",,,,20000,450,,日版,2019/4/4,2019/3/4,,2019/4/10
Yamazaki 18-year-old Limited Edition,山崎 18年 限量 木盒,Yamazaki,官方,,18,0.43,700,,,,87.75,20500,,,FB私價,2019/4/10,,,2019/4/10
Yamazaki 1984,山崎 1984 水楢,Yamazaki,官方,1984,25,0.48,700,美國 & 歐洲 & 日本水楢,,,91.67,288000,"7,600.00",,,2019/3/5,2019/3/4,,2019/3/14
Yamazaki 1986 The Owner's Cask,山崎 1986 水楢 #6G5029,Yamazaki,官方,1986,20,0.6,700,水楢 Butt,6G5029,405,90.69,288000,"4,500.00",,法國限定,2019/2/15,2018/7/2,,2019/3/12
Yamazaki 1991 The Owner's Cask,山崎 1991 單桶 #1S70430,Yamazaki,官方,1991,17,0.59,700,雪莉,1S70430,471,90.5,162500,,,日本限定,2019/3/24,,,2019/3/27
Yamazaki 1992 SMWS 119.12 Chewy and Cheek-Sucking,山崎 1992 SMWS 119.12,Yamazaki,Scotch Malt Whisky Society,1992,16,0.54,700,水楢,,262,90.42,58800,,,,2019/1/24,,,2019/3/22
Yamazaki 1992 The Owner's Cask,山崎 1992 #2S70061,Yamazaki,官方,1992,15,0.61,700,雪莉 Butt,2S70061,,91.5,119500,"2,600.00",,,2019/4/22,2019/2/4,,2019/4/23
Yamazaki 1993 The Owner's Cask,山崎 魂 1993 #3P70366,Yamazaki,官方,1993,,0.61,700,雪莉 Butt,3P70366,474,,155000,,,2006裝瓶/日本限定,2019/3/5,,,2019/3/13
Yamazaki 1994 The Owners Cask,山崎 1994 #4R70109,Yamazaki,官方,1994,12,0.63,700,雪莉 Butt,4R70109,542,91,110500,,,日本限定,2019/2/11,,,2019/3/12
Yamazaki 1994 The Owner's Cask,山崎 1994 與水精一,Yamazaki,官方,1994,,0.58,700,雪莉 Butt,4G 3003,438,88,210600,"1,000.00",,2001裝瓶,2019/3/2,2016/7/4,,2019/3/13
Yamazaki 1995 The Owner's Cask,山崎 1995 #5C3009,Yamazaki,官方,1995,11,0.58,700,雪莉,5C3009,401,91.65,90600,,,,2019/3/5,,,2019/3/13
Yamazaki 1997 The Owner's Cask #70277,山崎 1997 私人桶 #70277,Yamazaki,官方,1997,,0.61,700,雪莉 Butt,BX 70277,,,117100,,,,2019/2/28,,,2019/3/6
Yamazaki 1998 Single Cask Whisky,山崎 1998 單桶 #CU70064,Yamazaki,官方,1998,15,0.61,700,雪莉 Butt,CU70064,,,106000,,,,2019/2/16,,,2019/3/12
Yamazaki 1998 Single Cask Whisky,山崎 1998 單桶 #CU70066,Yamazaki,官方,1998,,0.61,700,雪莉,CU 70066,,91.13,135000,,,2012裝瓶,2019/3/24,,,2019/3/27
Yamazaki 1998 Suntory Single Cask Whisky,山崎 1998 三得利單桶 #CM70012,Yamazaki,官方,1998,15,0.54,700,雪莉,CM70012,,89.67,145100,525,,日本限定,2019/3/7,2015/3/2,,2019/3/14
Yamazaki 1998 Suntory Single Cask Whisky,山崎 1998 單桶 善光寺 #CM70006,Yamazaki,官方,1998,,0.59,700,雪莉,CM 70006,477,,193000,"1,400.00",,2009裝瓶,2019/3/9,2017/10/2,,2019/3/22
Yamazaki 1999 Suntory Single Cask Whisky,山崎 1999 #DQ70159,Yamazaki,官方,1999,13,0.61,700,Puncheon,DQ 70159,,,31500,,,日本限定,2019/3/5,,,2019/3/13
Yamazaki 1999 The Owner's Cask #70208,山崎 1999 私人桶 #DV70208,Yamazaki,官方,1999,,0.56,700,Bota Corta 雪莉,DV 70028,,87.33,83100,"1,250.00",,,,2017/12/4,,2019/3/6
Yamazaki 2000 The Owner's Cask #60044,山崎 2000 私人桶 #ES60044,Yamazaki,官方,2000,,0.57,700,雪莉 Butt,ES 60044,,89.57,83100,745,,,,2017/7/3,,2019/3/6
Yamazaki 2003 SMWS 119.13 Fathoms deep,山崎 2003 SMWS 119.13,Yamazaki,Scotch Malt Whisky Society,2003,11,0.602,700,前波本 Barrel(一次充填),,149,88.5,32900,500,,,2019/1/24,2018/4/2,,2019/3/22
Yamazaki 25-year-old,山崎 25年,Yamazaki,官方,,25,0.43,700,雪莉,,,92.48,179999,,,,2019/4/6,,,2019/4/10
Yamazaki Heavily Peated,山崎 重泥煤 2013,Yamazaki,官方,,,0.48,700,,,3500,87,51000,"1,000.00",,FB私價/2013裝瓶,2019/2/17,2019/3/4,,2019/3/23
Yamazaki Limited Edition 2014,山崎 2014 限定,Yamazaki,官方,,,0.43,700,,,,88.9,17100,450,,,2018/10/6,2019/3/4,,2019/3/9
Yamazaki Limited Edition 2015,山崎 2015 限定,Yamazaki,官方,,,0.43,700,,,,87.58,11700,310,,,2019/4/12,2019/3/4,,2019/4/16
Yamazaki Limited Edition 2016,山崎 2016 限定,Yamazaki,官方,,,0.43,700,,,,87.58,9800,330,,,2019/4/16,2019/3/4,,2019/4/18
Yamazaki Limited Edition 2017,山崎 2017 限定,Yamazaki,官方,,,0.43,700,,,,87.6,8200,270,,,2019/3/30,2019/3/4,,2019/4/2
Yamazaki Mizunara 2011,山崎 水楢 2011,Yamazaki,官方,,,0.48,700,水楢,,1500,90.4,76000,"1,300.00",,FB拍賣缺小卡,2019/3/5,2017/7/3,,2019/3/14
Yamazaki Mizunara 2014,山崎 水楢 2014,Yamazaki,官方,,,0.48,700,水楢,,1600,90.86,105000,"1,650.00",,FB私價/2014版/日本限定,2019/2/17,2018/10/8,,2019/3/23
Yamazaki Pure Malt Whisky Suntory,山崎 首版 無年份 760ML,Yamazaki,官方,,,0.43,760,,,,,23500,,,FB私價/酒標無年份標記、特級/日本限定,2019/3/30,,,2019/4/2
Yamazaki Sherry Cask 2009,山崎 雪莉 2009,Yamazaki,官方,,,0.48,700,,,,88.98,85000,"2,800.00",,,2019/2/15,2019/3/4,,2019/3/12
Yamazaki Sherry Cask 2012,山崎 雪莉 2012,Yamazaki,官方,,,0.48,700,雪莉,,,88.5,85000,"2,200.00","25,100.00",FB拍賣左側小傷,2019/3/5,2018/12/3,2019/3/19,2019/3/19
Yamazaki Sherry Cask 2013,山崎 雪莉 2013,Yamazaki,官方,,,0.48,700,雪莉,,18000,89.83,160000,"3,100.00",,,2019/2/11,2019/2/4,,2019/3/12
Yoichi 10-year-old,余市 10年 絕版舊盒,Yoichi,官方,,10,0.45,700,,,,84.75,9900,143,,"包裝盒中央""10""為藍底",2019/3/18,2019/3/4,,2019/3/5
Yoichi 12-year-old Single Malt,余市 12年 舊盒,Yoichi,官方,,12,0.45,700,,,,85.96,11500,,,"FB明價/藍底""12""位於盒中央",2019/4/10,,,2019/4/10
Yoichi 15-year-old Single Malt,余市 15年,Yoichi,官方,,15,0.45,700,波本 & 新橡木 & 雪莉 Barrels,,,86.93,17500,430,,Fb公司貨,2019/3/15,2019/3/4,,2019/3/22
Yoichi 1987 SMWS 116.17 Pin-ball wizard in Japanese tea house ,余市 1987 SMWS 116.17,Yoichi,Scotch Malt Whisky Society,1987,25,0.592,700,前雪莉 Butt(一次充填),,485,91.11,65000,"2,600.00",,,2019/3/14,2019/3/4,,2019/3/22
Yoichi 1988 Single Malt,余市 1988 單一麥芽,Yoichi,官方,1988,20,0.55,700,波本Barrel & 雪莉Butt,,3500,90.87,118000,"1,500.00",,,2019/2/15,2017/7/3,,2019/3/12
Yoichi 1990 SMWS 116.3 Baba Wood and Fudge,余市 1990 SMWS 116.3,Yoichi,Scotch Malt Whisky Society,1990,11,0.606,700,,,,,128000,,,FB明價,2019/2/25,,,2019/3/14
Yoichi 1991 Single Cask Warehouse #129459,余市 1991 單桶 #129459,Yoichi,官方,1991,23,0.62,700,處女 Puncheon,129459,423,91.47,119000,"1,801.00",,,2019/2/11,2019/2/4,,2019/3/12
Yoichi 1991 Single Cask Warehouse #15,余市 1997 單桶 #129374,Yoichi,官方,1991,18,0.58,700,處女橡木,129374,453,90.74,103100,,,法國限定/2009裝瓶,2019/3/24,,,2019/3/27
Yoichi 20-year-old Single Malt,余市 20年,Yoichi,官方,,20,0.52,700,,,,90.43,46000,"1,100.00",,FB公司貨,2019/3/13,2019/3/4,,2019/3/7
Yoichi Nikka 1987 Single Cask Warehouse ,余市 Nikka 1987 #113200,Yoichi,官方,1987,19,0.63,700,,113200,,89.58,80000,"1,200.00",,歐拍裸瓶,2018/11/17,2019/3/4,,2019/3/8
Chichibu 2011 Whisky-Show London 2018 Ichiro's Choice,秩父 倫敦 限量 2018,Chichibu,官方,,,0.565,700,,,929,89.82,35000,,,2018裝瓶/Whisky-Show London 2018,2019/4/16,,,2019/4/17
Macallan Genesis Limited Edition,麥卡倫 創世紀,Macallan,官方,,,0.455,700,,,2500,87.21,250000,,,,2019/4/16,,,2019/4/17
Lagavulin Distillery Exclusive Bottling,拉加維林 酒廠遊客中心限定 2017,Lagavulin,官方,,,0.541,700,,,7500,89.11,5888,,,2017裝瓶,2019/4/17,,,2019/4/18
Caol Ila Distillery Exclusive Bottling Natural Cask Strength,卡爾里拉 酒廠遊客中心限定 2017,Caol Ila,官方,,,0.588,700,,,3000,86.73,5000,,,2017裝瓶,2019/4/17,,,2019/4/22
Hanyu 2000 #362,羽生 2000 單桶 #362,Hanyu,官方,2000,,0.561,700,,,,91.4,72000,,,The Whisky Exchange 選桶/2016裝瓶,2019/4/22,,,2019/4/23
Chichibu The Peated - 10th Anniversary 2018 Ichiro's Malt,秩父 The Peated 2018 10周年紀念,Chichibu,官方,2013,5,0.555,700,波本,,11550,89.43,12000,,,2019 WWA 銀牌/2018裝瓶/FB私價,2019/4/22,,,2019/4/23
Chichibu 2010 Ichiro's Malt - The Peated,秩父 The Peated 2010,Chichibu,官方,2010,3,0.535,700,前波本、波特、邦芎,,6700,84.78,10200,,,59.6ppm 紅圈標,2019/4/23,,,2019/4/24
Ardbeg 30-year-old Very Old,阿貝 30年 Very Old,Ardbeg,官方,,30,0.4,700,,,,90.52,46500,,,,2019/4/23,,,2019/4/24
